"X1","X2","X3","X4","X5","X6","X7","X8"
"-10.0"," 42.5","-10.0"," 40.0"," 14.0","  2.0","244.0","163.0"
"-10.0"," 42.5","-10.0"," 40.0"," 14.0","  7.0","244.0","163.0"
"-10.0"," 42.5","-10.0"," 40.0"," 14.0"," 14.0","244.0","163.0"
"-10.0"," 45.0","-10.0"," 42.5"," 53.0","  2.0","325.0","244.0"
"-10.0"," 45.0","-10.0"," 42.5"," 53.0","  7.0","325.0","244.0"
"-10.0"," 45.0","-10.0"," 42.5"," 53.0"," 14.0","325.0","244.0"
"-10.0"," 45.0","-10.0"," 42.5"," 53.0"," 21.0","325.0","244.0"
"-10.0"," 45.0","-10.0"," 42.5"," 53.0"," 28.0","325.0","244.0"
"-10.0"," 47.5","-10.0"," 45.0"," 10.0","  2.0","406.0","325.0"
"-10.0"," 47.5","-10.0"," 45.0"," 10.0","  7.0","406.0","325.0"
"-10.0"," 47.5"," -7.5"," 45.0","  6.0","  2.0","406.0","330.0"
"-10.0"," 50.0","-10.0"," 47.5"," 19.0","  2.0","487.0","406.0"
"-10.0"," 50.0","-10.0"," 47.5"," 19.0","  7.0","487.0","406.0"
"-10.0"," 50.0","-10.0"," 47.5"," 19.0"," 14.0","487.0","406.0"
"-10.0"," 50.0"," -7.5"," 47.5"," 16.0","  2.0","487.0","411.0"
"-10.0"," 50.0"," -7.5"," 47.5"," 16.0","  7.0","487.0","411.0"
"-10.0"," 50.0"," -7.5"," 47.5"," 16.0"," 14.0","487.0","411.0"
"-10.0"," 50.0"," -7.5"," 47.5"," 16.0"," 14.0","487.0","411.0"
" -7.5"," 37.5","-10.0"," 35.0"," 69.0","  2.0"," 87.0","  1.0"
" -7.5"," 37.5","-10.0"," 35.0"," 69.0","  7.0"," 87.0","  1.0"
" -7.5"," 37.5","-10.0"," 35.0"," 69.0"," 14.0"," 87.0","  1.0"
" -7.5"," 37.5","-10.0"," 35.0"," 69.0"," 21.0"," 87.0","  1.0"
" -7.5"," 37.5","-10.0"," 35.0"," 69.0"," 28.0"," 87.0","  1.0"
" -7.5"," 37.5","-10.0"," 37.5"," 69.0","  2.0"," 87.0"," 82.0"
" -7.5"," 37.5","-10.0"," 37.5"," 69.0","  7.0"," 87.0"," 82.0"
" -7.5"," 37.5","-10.0"," 37.5"," 69.0"," 14.0"," 87.0"," 82.0"
" -7.5"," 37.5","-10.0"," 37.5"," 69.0"," 21.0"," 87.0"," 82.0"
" -7.5"," 37.5","-10.0"," 37.5"," 69.0"," 28.0"," 87.0"," 82.0"
" -7.5"," 37.5","-10.0"," 40.0"," 69.0","  2.0"," 87.0","163.0"
" -7.5"," 37.5","-10.0"," 40.0"," 69.0","  7.0"," 87.0","163.0"
" -7.5"," 37.5","-10.0"," 40.0"," 69.0"," 14.0"," 87.0","163.0"
" -7.5"," 37.5","-10.0"," 40.0"," 69.0"," 21.0"," 87.0","163.0"
" -7.5"," 37.5","-10.0"," 40.0"," 69.0"," 28.0"," 87.0","163.0"
"-7.5","37.5","-7.5","35.0","69.0"," 2.0","87.0"," 6.0"
"-7.5","37.5","-7.5","35.0","69.0"," 7.0","87.0"," 6.0"
"-7.5","37.5","-7.5","35.0","69.0","14.0","87.0"," 6.0"
"-7.5","37.5","-7.5","35.0","69.0","21.0","87.0"," 6.0"
"-7.5","37.5","-7.5","35.0","69.0","28.0","87.0"," 6.0"
" -7.5"," 40.0","-10.0"," 37.5"," 81.0","  2.0","168.0"," 82.0"
" -7.5"," 40.0","-10.0"," 37.5"," 81.0","  7.0","168.0"," 82.0"
" -7.5"," 40.0","-10.0"," 37.5"," 81.0"," 14.0","168.0"," 82.0"
" -7.5"," 40.0","-10.0"," 37.5"," 81.0"," 21.0","168.0"," 82.0"
" -7.5"," 40.0","-10.0"," 37.5"," 81.0"," 28.0","168.0"," 82.0"
" -7.5"," 40.0","-10.0"," 40.0"," 81.0","  2.0","168.0","163.0"
" -7.5"," 40.0","-10.0"," 40.0"," 81.0","  7.0","168.0","163.0"
" -7.5"," 40.0","-10.0"," 40.0"," 81.0"," 14.0","168.0","163.0"
" -7.5"," 40.0","-10.0"," 40.0"," 81.0"," 21.0","168.0","163.0"
" -7.5"," 40.0","-10.0"," 40.0"," 81.0"," 28.0","168.0","163.0"
" -7.5"," 40.0","-10.0"," 42.5"," 67.0","  2.0","168.0","244.0"
" -7.5"," 40.0","-10.0"," 42.5"," 67.0","  7.0","168.0","244.0"
" -7.5"," 40.0","-10.0"," 42.5"," 67.0"," 14.0","168.0","244.0"
" -7.5"," 40.0","-10.0"," 42.5"," 67.0"," 21.0","168.0","244.0"
" -7.5"," 40.0","-10.0"," 42.5"," 67.0"," 28.0","168.0","244.0"
" -7.5"," 40.0"," -7.5"," 37.5"," 12.0","  2.0","168.0"," 87.0"
" -7.5"," 40.0"," -7.5"," 37.5"," 12.0","  7.0","168.0"," 87.0"
" -7.5"," 40.0"," -5.0"," 37.5","  9.0","  2.0","168.0"," 92.0"
" -7.5"," 40.0"," -5.0"," 37.5","  9.0","  7.0","168.0"," 92.0"
" -7.5"," 42.5","-10.0"," 40.0","115.0","  2.0","249.0","163.0"
" -7.5"," 42.5","-10.0"," 40.0","115.0","  7.0","249.0","163.0"
" -7.5"," 42.5","-10.0"," 40.0","115.0"," 14.0","249.0","163.0"
" -7.5"," 42.5","-10.0"," 40.0","115.0"," 21.0","249.0","163.0"
" -7.5"," 42.5","-10.0"," 40.0","115.0"," 28.0","249.0","163.0"
" -7.5"," 42.5","-10.0"," 42.5","101.0","  2.0","249.0","244.0"
" -7.5"," 42.5","-10.0"," 42.5","101.0","  7.0","249.0","244.0"
" -7.5"," 42.5","-10.0"," 42.5","101.0"," 14.0","249.0","244.0"
" -7.5"," 42.5","-10.0"," 42.5","101.0"," 21.0","249.0","244.0"
" -7.5"," 42.5","-10.0"," 42.5","101.0"," 28.0","249.0","244.0"
" -7.5"," 42.5","-10.0"," 45.0"," 48.0","  2.0","249.0","325.0"
" -7.5"," 42.5","-10.0"," 45.0"," 48.0","  7.0","249.0","325.0"
" -7.5"," 42.5","-10.0"," 45.0"," 48.0"," 14.0","249.0","325.0"
" -7.5"," 42.5","-10.0"," 45.0"," 48.0"," 21.0","249.0","325.0"
" -7.5"," 42.5","-10.0"," 45.0"," 48.0"," 28.0","249.0","325.0"
" -7.5"," 42.5"," -7.5"," 40.0"," 34.0","  2.0","249.0","168.0"
" -7.5"," 42.5"," -7.5"," 40.0"," 34.0","  7.0","249.0","168.0"
" -7.5"," 42.5"," -7.5"," 40.0"," 34.0"," 14.0","249.0","168.0"
" -7.5"," 42.5"," -7.5"," 40.0"," 34.0"," 21.0","249.0","168.0"
" -7.5"," 42.5"," -7.5"," 40.0"," 34.0"," 28.0","249.0","168.0"
" -7.5"," 42.5"," -7.5"," 45.0"," 44.0","  2.0","249.0","330.0"
" -7.5"," 42.5"," -7.5"," 45.0"," 44.0","  7.0","249.0","330.0"
" -7.5"," 42.5"," -7.5"," 45.0"," 44.0"," 14.0","249.0","330.0"
" -7.5"," 42.5"," -7.5"," 45.0"," 44.0"," 21.0","249.0","330.0"
" -7.5"," 42.5"," -7.5"," 45.0"," 44.0"," 28.0","249.0","330.0"
" -7.5"," 42.5"," -5.0"," 40.0"," 21.0","  2.0","249.0","173.0"
" -7.5"," 42.5"," -5.0"," 40.0"," 21.0","  7.0","249.0","173.0"
" -7.5"," 42.5"," -5.0"," 40.0"," 21.0"," 14.0","249.0","173.0"
" -7.5"," 42.5"," -5.0"," 40.0"," 21.0"," 21.0","249.0","173.0"
" -7.5"," 42.5"," -5.0"," 45.0"," 42.0","  2.0","249.0","335.0"
" -7.5"," 42.5"," -5.0"," 45.0"," 42.0","  7.0","249.0","335.0"
" -7.5"," 42.5"," -5.0"," 45.0"," 42.0"," 14.0","249.0","335.0"
" -7.5"," 42.5"," -5.0"," 45.0"," 42.0"," 21.0","249.0","335.0"
" -7.5"," 42.5"," -5.0"," 45.0"," 42.0"," 28.0","249.0","335.0"
" -7.5"," 45.0","-10.0"," 42.5"," 57.0","  2.0","330.0","244.0"
" -7.5"," 45.0","-10.0"," 42.5"," 57.0","  7.0","330.0","244.0"
" -7.5"," 45.0","-10.0"," 42.5"," 57.0"," 14.0","330.0","244.0"
" -7.5"," 45.0","-10.0"," 42.5"," 57.0"," 21.0","330.0","244.0"
" -7.5"," 45.0","-10.0"," 42.5"," 57.0"," 28.0","330.0","244.0"
" -7.5"," 45.0","-10.0"," 45.0","  4.0","  2.0","330.0","325.0"
" -7.5"," 47.5","-10.0"," 45.0"," 13.0","  2.0","411.0","325.0"
" -7.5"," 47.5","-10.0"," 45.0"," 13.0","  7.0","411.0","325.0"
" -7.5"," 47.5","-10.0"," 47.5","  3.0","  2.0","411.0","406.0"
" -7.5"," 47.5"," -7.5"," 45.0","  9.0","  2.0","411.0","330.0"
" -7.5"," 47.5"," -7.5"," 45.0","  9.0","  7.0","411.0","330.0"
" -7.5"," 47.5"," -5.0"," 45.0","  7.0","  2.0","411.0","335.0"
" -7.5"," 47.5"," -5.0"," 45.0","  7.0","  7.0","411.0","335.0"
" -7.5"," 50.0","-10.0"," 47.5"," 18.0","  2.0","492.0","406.0"
" -7.5"," 50.0","-10.0"," 47.5"," 18.0","  7.0","492.0","406.0"
" -7.5"," 50.0","-10.0"," 47.5"," 18.0"," 14.0","492.0","406.0"
" -7.5"," 50.0"," -7.5"," 47.5"," 15.0","  2.0","492.0","411.0"
" -7.5"," 50.0"," -7.5"," 47.5"," 15.0","  7.0","492.0","411.0"
" -7.5"," 50.0"," -7.5"," 47.5"," 15.0"," 14.0","492.0","411.0"
" -7.5"," 50.0"," -5.0"," 47.5","  2.0","  2.0","492.0","416.0"
" -7.5"," 50.0"," -5.0"," 47.5","  2.0","  2.0","492.0","416.0"
"-5.0","35.0","-7.5","35.0","68.0"," 2.0","11.0"," 6.0"
"-5.0","35.0","-7.5","35.0","68.0"," 7.0","11.0"," 6.0"
"-5.0","35.0","-7.5","35.0","68.0","14.0","11.0"," 6.0"
"-5.0","35.0","-7.5","35.0","68.0","21.0","11.0"," 6.0"
"-5.0","35.0","-7.5","35.0","68.0","28.0","11.0"," 6.0"
"-5.0","35.0","-2.5","35.0","59.0"," 2.0","11.0","16.0"
"-5.0","35.0","-2.5","35.0","59.0"," 7.0","11.0","16.0"
"-5.0","35.0","-2.5","35.0","59.0","14.0","11.0","16.0"
"-5.0","35.0","-2.5","35.0","59.0","21.0","11.0","16.0"
"-5.0","35.0","-2.5","35.0","59.0","28.0","11.0","16.0"
"-5.0","37.5","-7.5","35.0","72.0"," 2.0","92.0"," 6.0"
"-5.0","37.5","-7.5","35.0","72.0"," 7.0","92.0"," 6.0"
"-5.0","37.5","-7.5","35.0","72.0","14.0","92.0"," 6.0"
"-5.0","37.5","-7.5","35.0","72.0","21.0","92.0"," 6.0"
"-5.0","37.5","-7.5","35.0","72.0","28.0","92.0"," 6.0"
"-5.0","37.5","-7.5","37.5"," 3.0"," 2.0","92.0","87.0"
"-5.0","37.5","-5.0","35.0"," 4.0"," 2.0","92.0","11.0"
"-5.0","37.5","-2.5","35.0","63.0"," 2.0","92.0","16.0"
"-5.0","37.5","-2.5","35.0","63.0"," 7.0","92.0","16.0"
"-5.0","37.5","-2.5","35.0","63.0","14.0","92.0","16.0"
"-5.0","37.5","-2.5","35.0","63.0","21.0","92.0","16.0"
"-5.0","37.5","-2.5","35.0","63.0","28.0","92.0","16.0"
" -5.0"," 40.0"," -7.5"," 37.5"," 25.0","  2.0","173.0"," 87.0"
" -5.0"," 40.0"," -7.5"," 37.5"," 25.0","  7.0","173.0"," 87.0"
" -5.0"," 40.0"," -7.5"," 37.5"," 25.0"," 14.0","173.0"," 87.0"
" -5.0"," 40.0"," -7.5"," 37.5"," 25.0"," 21.0","173.0"," 87.0"
" -5.0"," 40.0"," -7.5"," 40.0"," 13.0","  2.0","173.0","168.0"
" -5.0"," 40.0"," -7.5"," 40.0"," 13.0","  7.0","173.0","168.0"
" -5.0"," 40.0"," -5.0"," 37.5"," 22.0","  2.0","173.0"," 92.0"
" -5.0"," 40.0"," -5.0"," 37.5"," 22.0","  7.0","173.0"," 92.0"
" -5.0"," 40.0"," -5.0"," 37.5"," 22.0"," 14.0","173.0"," 92.0"
" -5.0"," 40.0"," -5.0"," 37.5"," 22.0"," 21.0","173.0"," 92.0"
" -5.0"," 42.5"," -7.5"," 40.0"," 40.0","  2.0","254.0","168.0"
" -5.0"," 42.5"," -7.5"," 40.0"," 40.0","  7.0","254.0","168.0"
" -5.0"," 42.5"," -7.5"," 40.0"," 40.0"," 14.0","254.0","168.0"
" -5.0"," 42.5"," -7.5"," 40.0"," 40.0"," 21.0","254.0","168.0"
" -5.0"," 42.5"," -7.5"," 40.0"," 40.0"," 28.0","254.0","168.0"
" -5.0"," 42.5"," -7.5"," 42.5","  6.0","  2.0","254.0","249.0"
" -5.0"," 42.5"," -7.5"," 45.0"," 50.0","  2.0","254.0","330.0"
" -5.0"," 42.5"," -7.5"," 45.0"," 50.0","  7.0","254.0","330.0"
" -5.0"," 42.5"," -7.5"," 45.0"," 50.0"," 14.0","254.0","330.0"
" -5.0"," 42.5"," -7.5"," 45.0"," 50.0"," 21.0","254.0","330.0"
" -5.0"," 42.5"," -7.5"," 45.0"," 50.0"," 28.0","254.0","330.0"
" -5.0"," 42.5"," -5.0"," 40.0"," 27.0","  2.0","254.0","173.0"
" -5.0"," 42.5"," -5.0"," 40.0"," 27.0","  7.0","254.0","173.0"
" -5.0"," 42.5"," -5.0"," 40.0"," 27.0"," 14.0","254.0","173.0"
" -5.0"," 42.5"," -5.0"," 40.0"," 27.0"," 21.0","254.0","173.0"
" -5.0"," 42.5"," -5.0"," 45.0"," 48.0","  2.0","254.0","335.0"
" -5.0"," 42.5"," -5.0"," 45.0"," 48.0","  7.0","254.0","335.0"
" -5.0"," 42.5"," -5.0"," 45.0"," 48.0"," 14.0","254.0","335.0"
" -5.0"," 42.5"," -5.0"," 45.0"," 48.0"," 21.0","254.0","335.0"
" -5.0"," 42.5"," -5.0"," 45.0"," 48.0"," 28.0","254.0","335.0"
" -5.0"," 42.5"," -2.5"," 40.0","  7.0","  2.0","254.0","178.0"
" -5.0"," 42.5"," -2.5"," 40.0","  7.0","  7.0","254.0","178.0"
" -5.0"," 42.5"," -2.5"," 42.5","  5.0","  2.0","254.0","259.0"
" -5.0"," 42.5"," -2.5"," 45.0"," 43.0","  2.0","254.0","340.0"
" -5.0"," 42.5"," -2.5"," 45.0"," 43.0","  7.0","254.0","340.0"
" -5.0"," 42.5"," -2.5"," 45.0"," 43.0"," 14.0","254.0","340.0"
" -5.0"," 42.5"," -2.5"," 45.0"," 43.0"," 21.0","254.0","340.0"
" -5.0"," 42.5"," -2.5"," 45.0"," 43.0"," 28.0","254.0","340.0"
" -5.0"," 45.0"," -7.5"," 45.0","  2.0","  2.0","335.0","330.0"
" -5.0"," 47.5"," -7.5"," 45.0"," 22.0","  2.0","416.0","330.0"
" -5.0"," 47.5"," -7.5"," 45.0"," 22.0","  7.0","416.0","330.0"
" -5.0"," 47.5"," -7.5"," 45.0"," 22.0"," 14.0","416.0","330.0"
" -5.0"," 47.5"," -7.5"," 45.0"," 22.0"," 21.0","416.0","330.0"
" -5.0"," 47.5"," -7.5"," 47.5"," 13.0","  2.0","416.0","411.0"
" -5.0"," 47.5"," -7.5"," 47.5"," 13.0","  7.0","416.0","411.0"
" -5.0"," 47.5"," -5.0"," 45.0"," 20.0","  2.0","416.0","335.0"
" -5.0"," 47.5"," -5.0"," 45.0"," 20.0","  7.0","416.0","335.0"
" -5.0"," 47.5"," -5.0"," 45.0"," 20.0"," 14.0","416.0","335.0"
" -5.0"," 47.5"," -2.5"," 45.0"," 15.0","  2.0","416.0","340.0"
" -5.0"," 47.5"," -2.5"," 45.0"," 15.0","  7.0","416.0","340.0"
" -5.0"," 47.5"," -2.5"," 45.0"," 15.0"," 14.0","416.0","340.0"
" -5.0"," 50.0"," -7.5"," 47.5"," 35.0","  2.0","497.0","411.0"
" -5.0"," 50.0"," -7.5"," 47.5"," 35.0","  7.0","497.0","411.0"
" -5.0"," 50.0"," -7.5"," 47.5"," 35.0"," 14.0","497.0","411.0"
" -5.0"," 50.0"," -7.5"," 47.5"," 35.0"," 21.0","497.0","411.0"
" -5.0"," 50.0"," -7.5"," 47.5"," 35.0"," 28.0","497.0","411.0"
" -5.0"," 50.0"," -7.5"," 50.0"," 20.0","  2.0","497.0","492.0"
" -5.0"," 50.0"," -7.5"," 50.0"," 20.0","  7.0","497.0","492.0"
" -5.0"," 50.0"," -7.5"," 50.0"," 20.0"," 14.0","497.0","492.0"
" -5.0"," 50.0"," -5.0"," 47.5"," 22.0","  2.0","497.0","416.0"
" -5.0"," 50.0"," -5.0"," 47.5"," 22.0","  7.0","497.0","416.0"
" -5.0"," 50.0"," -5.0"," 47.5"," 22.0"," 14.0","497.0","416.0"
" -5.0"," 50.0"," -5.0"," 47.5"," 22.0"," 21.0","497.0","416.0"
" -5.0"," 50.0"," -2.5"," 47.5"," 20.0","  2.0","497.0","421.0"
" -5.0"," 50.0"," -2.5"," 47.5"," 20.0","  7.0","497.0","421.0"
" -5.0"," 50.0"," -2.5"," 47.5"," 20.0"," 14.0","497.0","421.0"
" -5.0"," 50.0"," -2.5"," 47.5"," 20.0"," 14.0","497.0","421.0"
" -2.5"," 35.0","  0.0"," 37.5","  9.0","  2.0"," 16.0","102.0"
" -2.5"," 35.0","  0.0"," 37.5","  9.0","  7.0"," 16.0","102.0"
"-2.5","37.5","-5.0","35.0","33.0"," 2.0","97.0","11.0"
"-2.5","37.5","-5.0","35.0","33.0"," 7.0","97.0","11.0"
"-2.5","37.5","-5.0","35.0","33.0","14.0","97.0","11.0"
"-2.5","37.5","-5.0","35.0","33.0","21.0","97.0","11.0"
"-2.5","37.5","-5.0","35.0","33.0","28.0","97.0","11.0"
"-2.5","37.5","-5.0","37.5","29.0"," 2.0","97.0","92.0"
"-2.5","37.5","-5.0","37.5","29.0"," 7.0","97.0","92.0"
"-2.5","37.5","-5.0","37.5","29.0","14.0","97.0","92.0"
"-2.5","37.5","-5.0","37.5","29.0","21.0","97.0","92.0"
"-2.5","37.5","-5.0","37.5","29.0","28.0","97.0","92.0"
" -2.5"," 37.5"," -5.0"," 40.0","  7.0","  2.0"," 97.0","173.0"
" -2.5"," 37.5"," -5.0"," 40.0","  7.0","  7.0"," 97.0","173.0"
"-2.5","37.5","-2.5","35.0","92.0"," 2.0","97.0","16.0"
"-2.5","37.5","-2.5","35.0","92.0"," 7.0","97.0","16.0"
"-2.5","37.5","-2.5","35.0","92.0","14.0","97.0","16.0"
"-2.5","37.5","-2.5","35.0","92.0","21.0","97.0","16.0"
"-2.5","37.5","-2.5","35.0","92.0","28.0","97.0","16.0"
"-2.5","37.5"," 0.0","35.0","22.0"," 2.0","97.0","21.0"
"-2.5","37.5"," 0.0","35.0","22.0"," 7.0","97.0","21.0"
"-2.5","37.5"," 0.0","35.0","22.0","14.0","97.0","21.0"
"-2.5","37.5"," 0.0","35.0","22.0","21.0","97.0","21.0"
" -2.5"," 37.5","  0.0"," 37.5","101.0","  2.0"," 97.0","102.0"
" -2.5"," 37.5","  0.0"," 37.5","101.0","  7.0"," 97.0","102.0"
" -2.5"," 37.5","  0.0"," 37.5","101.0"," 14.0"," 97.0","102.0"
" -2.5"," 37.5","  0.0"," 37.5","101.0"," 21.0"," 97.0","102.0"
" -2.5"," 37.5","  0.0"," 37.5","101.0"," 28.0"," 97.0","102.0"
" -2.5"," 37.5","  0.0"," 40.0"," 25.0","  2.0"," 97.0","183.0"
" -2.5"," 37.5","  0.0"," 40.0"," 25.0","  7.0"," 97.0","183.0"
" -2.5"," 37.5","  0.0"," 40.0"," 25.0"," 14.0"," 97.0","183.0"
" -2.5"," 37.5","  0.0"," 40.0"," 25.0"," 21.0"," 97.0","183.0"
" -2.5"," 40.0"," -5.0"," 37.5"," 42.0","  2.0","178.0"," 92.0"
" -2.5"," 40.0"," -5.0"," 37.5"," 42.0","  7.0","178.0"," 92.0"
" -2.5"," 40.0"," -5.0"," 37.5"," 42.0"," 14.0","178.0"," 92.0"
" -2.5"," 40.0"," -5.0"," 37.5"," 42.0"," 21.0","178.0"," 92.0"
" -2.5"," 40.0"," -5.0"," 37.5"," 42.0"," 28.0","178.0"," 92.0"
" -2.5"," 40.0"," -5.0"," 40.0"," 20.0","  2.0","178.0","173.0"
" -2.5"," 40.0"," -5.0"," 40.0"," 20.0","  7.0","178.0","173.0"
" -2.5"," 40.0"," -5.0"," 40.0"," 20.0"," 14.0","178.0","173.0"
" -2.5"," 40.0"," -2.5"," 37.5"," 13.0","  2.0","178.0"," 97.0"
" -2.5"," 40.0"," -2.5"," 37.5"," 13.0","  7.0","178.0"," 97.0"
" -2.5"," 40.0","  0.0"," 37.5","114.0","  2.0","178.0","102.0"
" -2.5"," 40.0","  0.0"," 37.5","114.0","  7.0","178.0","102.0"
" -2.5"," 40.0","  0.0"," 37.5","114.0"," 14.0","178.0","102.0"
" -2.5"," 40.0","  0.0"," 37.5","114.0"," 21.0","178.0","102.0"
" -2.5"," 40.0","  0.0"," 37.5","114.0"," 28.0","178.0","102.0"
" -2.5"," 40.0","  0.0"," 40.0"," 38.0","  2.0","178.0","183.0"
" -2.5"," 40.0","  0.0"," 40.0"," 38.0","  7.0","178.0","183.0"
" -2.5"," 40.0","  0.0"," 40.0"," 38.0"," 14.0","178.0","183.0"
" -2.5"," 40.0","  0.0"," 40.0"," 38.0"," 21.0","178.0","183.0"
" -2.5"," 40.0","  0.0"," 40.0"," 38.0"," 28.0","178.0","183.0"
" -2.5"," 42.5"," -5.0"," 40.0"," 22.0","  2.0","259.0","173.0"
" -2.5"," 42.5"," -5.0"," 40.0"," 22.0","  7.0","259.0","173.0"
" -2.5"," 42.5"," -5.0"," 40.0"," 22.0"," 14.0","259.0","173.0"
" -2.5"," 42.5"," -5.0"," 40.0"," 22.0"," 21.0","259.0","173.0"
" -2.5"," 42.5"," -5.0"," 45.0"," 43.0","  2.0","259.0","335.0"
" -2.5"," 42.5"," -5.0"," 45.0"," 43.0","  7.0","259.0","335.0"
" -2.5"," 42.5"," -5.0"," 45.0"," 43.0"," 14.0","259.0","335.0"
" -2.5"," 42.5"," -5.0"," 45.0"," 43.0"," 21.0","259.0","335.0"
" -2.5"," 42.5"," -5.0"," 45.0"," 43.0"," 28.0","259.0","335.0"
" -2.5"," 42.5"," -2.5"," 40.0","  2.0","  2.0","259.0","178.0"
" -2.5"," 42.5"," -2.5"," 45.0"," 38.0","  2.0","259.0","340.0"
" -2.5"," 42.5"," -2.5"," 45.0"," 38.0","  7.0","259.0","340.0"
" -2.5"," 42.5"," -2.5"," 45.0"," 38.0"," 14.0","259.0","340.0"
" -2.5"," 42.5"," -2.5"," 45.0"," 38.0"," 21.0","259.0","340.0"
" -2.5"," 42.5"," -2.5"," 45.0"," 38.0"," 28.0","259.0","340.0"
" -2.5"," 42.5","  0.0"," 40.0"," 40.0","  2.0","259.0","183.0"
" -2.5"," 42.5","  0.0"," 40.0"," 40.0","  7.0","259.0","183.0"
" -2.5"," 42.5","  0.0"," 40.0"," 40.0"," 14.0","259.0","183.0"
" -2.5"," 42.5","  0.0"," 40.0"," 40.0"," 21.0","259.0","183.0"
" -2.5"," 42.5","  0.0"," 40.0"," 40.0"," 28.0","259.0","183.0"
" -2.5"," 42.5","  0.0"," 45.0"," 22.0","  2.0","259.0","345.0"
" -2.5"," 42.5","  0.0"," 45.0"," 22.0","  7.0","259.0","345.0"
" -2.5"," 42.5","  0.0"," 45.0"," 22.0"," 14.0","259.0","345.0"
" -2.5"," 42.5","  0.0"," 45.0"," 22.0"," 21.0","259.0","345.0"
" -2.5"," 45.0"," -5.0"," 45.0","  5.0","  2.0","340.0","335.0"
" -2.5"," 47.5"," -5.0"," 45.0"," 22.0","  2.0","421.0","335.0"
" -2.5"," 47.5"," -5.0"," 45.0"," 22.0","  7.0","421.0","335.0"
" -2.5"," 47.5"," -5.0"," 45.0"," 22.0"," 14.0","421.0","335.0"
" -2.5"," 47.5"," -5.0"," 45.0"," 22.0"," 21.0","421.0","335.0"
" -2.5"," 47.5"," -5.0"," 47.5","  2.0","  2.0","421.0","416.0"
" -2.5"," 47.5"," -2.5"," 45.0"," 17.0","  2.0","421.0","340.0"
" -2.5"," 47.5"," -2.5"," 45.0"," 17.0","  7.0","421.0","340.0"
" -2.5"," 47.5"," -2.5"," 45.0"," 17.0"," 14.0","421.0","340.0"
" -2.5"," 50.0"," -5.0"," 47.5"," 21.0","  2.0","502.0","416.0"
" -2.5"," 50.0"," -5.0"," 47.5"," 21.0","  7.0","502.0","416.0"
" -2.5"," 50.0"," -5.0"," 47.5"," 21.0"," 14.0","502.0","416.0"
" -2.5"," 50.0"," -5.0"," 47.5"," 21.0"," 21.0","502.0","416.0"
" -2.5"," 50.0"," -2.5"," 47.5"," 19.0","  2.0","502.0","421.0"
" -2.5"," 50.0"," -2.5"," 47.5"," 19.0","  7.0","502.0","421.0"
" -2.5"," 50.0"," -2.5"," 47.5"," 19.0"," 14.0","502.0","421.0"
" -2.5"," 50.0","  0.0"," 47.5"," 18.0","  2.0","502.0","426.0"
" -2.5"," 50.0","  0.0"," 47.5"," 18.0","  7.0","502.0","426.0"
" -2.5"," 50.0","  0.0"," 47.5"," 18.0"," 14.0","502.0","426.0"
" -2.5"," 50.0","  0.0"," 50.0","  2.0","  2.0","502.0","507.0"
" -2.5"," 50.0","  0.0"," 50.0","  2.0","  2.0","502.0","507.0"
" 0.0","35.0","-2.5","35.0","70.0"," 2.0","21.0","16.0"
" 0.0","35.0","-2.5","35.0","70.0"," 7.0","21.0","16.0"
" 0.0","35.0","-2.5","35.0","70.0","14.0","21.0","16.0"
" 0.0","35.0","-2.5","35.0","70.0","21.0","21.0","16.0"
" 0.0","35.0","-2.5","35.0","70.0","28.0","21.0","16.0"
"  0.0"," 35.0","  0.0"," 37.5"," 79.0","  2.0"," 21.0","102.0"
"  0.0"," 35.0","  0.0"," 37.5"," 79.0","  7.0"," 21.0","102.0"
"  0.0"," 35.0","  0.0"," 37.5"," 79.0"," 14.0"," 21.0","102.0"
"  0.0"," 35.0","  0.0"," 37.5"," 79.0"," 21.0"," 21.0","102.0"
"  0.0"," 35.0","  0.0"," 37.5"," 79.0"," 28.0"," 21.0","102.0"
"  0.0"," 35.0","  2.5"," 37.5"," 79.0","  2.0"," 21.0","107.0"
"  0.0"," 35.0","  2.5"," 37.5"," 79.0","  7.0"," 21.0","107.0"
"  0.0"," 35.0","  2.5"," 37.5"," 79.0"," 14.0"," 21.0","107.0"
"  0.0"," 35.0","  2.5"," 37.5"," 79.0"," 21.0"," 21.0","107.0"
"  0.0"," 35.0","  2.5"," 37.5"," 79.0"," 28.0"," 21.0","107.0"
"  0.0"," 40.0","  0.0"," 37.5"," 76.0","  2.0","183.0","102.0"
"  0.0"," 40.0","  0.0"," 37.5"," 76.0","  7.0","183.0","102.0"
"  0.0"," 40.0","  0.0"," 37.5"," 76.0"," 14.0","183.0","102.0"
"  0.0"," 40.0","  0.0"," 37.5"," 76.0"," 21.0","183.0","102.0"
"  0.0"," 40.0","  0.0"," 37.5"," 76.0"," 28.0","183.0","102.0"
"  0.0"," 40.0","  2.5"," 37.5"," 76.0","  2.0","183.0","107.0"
"  0.0"," 40.0","  2.5"," 37.5"," 76.0","  7.0","183.0","107.0"
"  0.0"," 40.0","  2.5"," 37.5"," 76.0"," 14.0","183.0","107.0"
"  0.0"," 40.0","  2.5"," 37.5"," 76.0"," 21.0","183.0","107.0"
"  0.0"," 40.0","  2.5"," 37.5"," 76.0"," 28.0","183.0","107.0"
"  0.0"," 40.0","  2.5"," 40.0"," 43.0","  2.0","183.0","188.0"
"  0.0"," 40.0","  2.5"," 40.0"," 43.0","  7.0","183.0","188.0"
"  0.0"," 40.0","  2.5"," 40.0"," 43.0"," 14.0","183.0","188.0"
"  0.0"," 40.0","  2.5"," 40.0"," 43.0"," 21.0","183.0","188.0"
"  0.0"," 40.0","  2.5"," 40.0"," 43.0"," 28.0","183.0","188.0"
"  0.0"," 45.0"," -2.5"," 45.0"," 16.0","  2.0","345.0","340.0"
"  0.0"," 45.0"," -2.5"," 45.0"," 16.0","  7.0","345.0","340.0"
"  0.0"," 45.0"," -2.5"," 45.0"," 16.0"," 14.0","345.0","340.0"
"  0.0"," 47.5"," -2.5"," 45.0"," 18.0","  2.0","426.0","340.0"
"  0.0"," 47.5"," -2.5"," 45.0"," 18.0","  7.0","426.0","340.0"
"  0.0"," 47.5"," -2.5"," 45.0"," 18.0"," 14.0","426.0","340.0"
"  0.0"," 47.5","  0.0"," 45.0","  2.0","  2.0","426.0","345.0"
"  0.0"," 50.0"," -2.5"," 47.5"," 17.0","  2.0","507.0","421.0"
"  0.0"," 50.0"," -2.5"," 47.5"," 17.0","  7.0","507.0","421.0"
"  0.0"," 50.0"," -2.5"," 47.5"," 17.0"," 14.0","507.0","421.0"
"  0.0"," 50.0","  0.0"," 47.5"," 16.0","  2.0","507.0","426.0"
"  0.0"," 50.0","  0.0"," 47.5"," 16.0","  7.0","507.0","426.0"
"  0.0"," 50.0","  0.0"," 47.5"," 16.0"," 14.0","507.0","426.0"
"  0.0"," 50.0","  2.5"," 47.5"," 15.0","  2.0","507.0","431.0"
"  0.0"," 50.0","  2.5"," 47.5"," 15.0","  7.0","507.0","431.0"
"  0.0"," 50.0","  2.5"," 47.5"," 15.0"," 14.0","507.0","431.0"
"  0.0"," 52.5"," -2.5"," 50.0"," 55.0","  2.0","588.0","502.0"
"  0.0"," 52.5"," -2.5"," 50.0"," 55.0","  7.0","588.0","502.0"
"  0.0"," 52.5"," -2.5"," 50.0"," 55.0"," 14.0","588.0","502.0"
"  0.0"," 52.5"," -2.5"," 50.0"," 55.0"," 21.0","588.0","502.0"
"  0.0"," 52.5"," -2.5"," 50.0"," 55.0"," 28.0","588.0","502.0"
"  0.0"," 52.5","  0.0"," 50.0"," 57.0","  2.0","588.0","507.0"
"  0.0"," 52.5","  0.0"," 50.0"," 57.0","  7.0","588.0","507.0"
"  0.0"," 52.5","  0.0"," 50.0"," 57.0"," 14.0","588.0","507.0"
"  0.0"," 52.5","  0.0"," 50.0"," 57.0"," 21.0","588.0","507.0"
"  0.0"," 52.5","  0.0"," 50.0"," 57.0"," 28.0","588.0","507.0"
"  0.0"," 52.5","  2.5"," 50.0"," 56.0","  2.0","588.0","512.0"
"  0.0"," 52.5","  2.5"," 50.0"," 56.0","  7.0","588.0","512.0"
"  0.0"," 52.5","  2.5"," 50.0"," 56.0"," 14.0","588.0","512.0"
"  0.0"," 52.5","  2.5"," 50.0"," 56.0"," 21.0","588.0","512.0"
"  0.0"," 52.5","  2.5"," 50.0"," 56.0"," 28.0","588.0","512.0"
"  0.0"," 52.5","  2.5"," 52.5"," 45.0","  2.0","588.0","593.0"
"  0.0"," 52.5","  2.5"," 52.5"," 45.0","  7.0","588.0","593.0"
"  0.0"," 52.5","  2.5"," 52.5"," 45.0"," 14.0","588.0","593.0"
"  0.0"," 52.5","  2.5"," 52.5"," 45.0"," 21.0","588.0","593.0"
"  0.0"," 52.5","  2.5"," 52.5"," 45.0"," 28.0","588.0","593.0"
"  0.0"," 52.5","  2.5"," 55.0"," 21.0","  2.0","588.0","674.0"
"  0.0"," 52.5","  2.5"," 55.0"," 21.0","  7.0","588.0","674.0"
"  0.0"," 52.5","  2.5"," 55.0"," 21.0"," 14.0","588.0","674.0"
"  0.0"," 52.5","  2.5"," 55.0"," 21.0"," 21.0","588.0","674.0"
"  0.0"," 52.5","  2.5"," 55.0"," 21.0"," 21.0","588.0","674.0"
" 2.5","35.0"," 0.0","35.0"," 2.0"," 2.0","26.0","21.0"
"  2.5"," 35.0","  0.0"," 37.5"," 81.0","  2.0"," 26.0","102.0"
"  2.5"," 35.0","  0.0"," 37.5"," 81.0","  7.0"," 26.0","102.0"
"  2.5"," 35.0","  0.0"," 37.5"," 81.0"," 14.0"," 26.0","102.0"
"  2.5"," 35.0","  0.0"," 37.5"," 81.0"," 21.0"," 26.0","102.0"
"  2.5"," 35.0","  0.0"," 37.5"," 81.0"," 28.0"," 26.0","102.0"
"  2.5"," 35.0","  2.5"," 37.5"," 81.0","  2.0"," 26.0","107.0"
"  2.5"," 35.0","  2.5"," 37.5"," 81.0","  7.0"," 26.0","107.0"
"  2.5"," 35.0","  2.5"," 37.5"," 81.0"," 14.0"," 26.0","107.0"
"  2.5"," 35.0","  2.5"," 37.5"," 81.0"," 21.0"," 26.0","107.0"
"  2.5"," 35.0","  2.5"," 37.5"," 81.0"," 28.0"," 26.0","107.0"
" 2.5","35.0"," 5.0","35.0","27.0"," 2.0","26.0","31.0"
" 2.5","35.0"," 5.0","35.0","27.0"," 7.0","26.0","31.0"
" 2.5","35.0"," 5.0","35.0","27.0","14.0","26.0","31.0"
" 2.5","35.0"," 5.0","35.0","27.0","21.0","26.0","31.0"
"  2.5"," 35.0","  5.0"," 37.5"," 81.0","  2.0"," 26.0","112.0"
"  2.5"," 35.0","  5.0"," 37.5"," 81.0","  7.0"," 26.0","112.0"
"  2.5"," 35.0","  5.0"," 37.5"," 81.0"," 14.0"," 26.0","112.0"
"  2.5"," 35.0","  5.0"," 37.5"," 81.0"," 21.0"," 26.0","112.0"
"  2.5"," 35.0","  5.0"," 37.5"," 81.0"," 28.0"," 26.0","112.0"
"  2.5"," 40.0","  0.0"," 37.5"," 33.0","  2.0","188.0","102.0"
"  2.5"," 40.0","  0.0"," 37.5"," 33.0","  7.0","188.0","102.0"
"  2.5"," 40.0","  0.0"," 37.5"," 33.0"," 14.0","188.0","102.0"
"  2.5"," 40.0","  0.0"," 37.5"," 33.0"," 21.0","188.0","102.0"
"  2.5"," 40.0","  0.0"," 37.5"," 33.0"," 28.0","188.0","102.0"
"  2.5"," 40.0","  2.5"," 37.5"," 33.0","  2.0","188.0","107.0"
"  2.5"," 40.0","  2.5"," 37.5"," 33.0","  7.0","188.0","107.0"
"  2.5"," 40.0","  2.5"," 37.5"," 33.0"," 14.0","188.0","107.0"
"  2.5"," 40.0","  2.5"," 37.5"," 33.0"," 21.0","188.0","107.0"
"  2.5"," 40.0","  2.5"," 37.5"," 33.0"," 28.0","188.0","107.0"
"  2.5"," 40.0","  5.0"," 37.5"," 33.0","  2.0","188.0","112.0"
"  2.5"," 40.0","  5.0"," 37.5"," 33.0","  7.0","188.0","112.0"
"  2.5"," 40.0","  5.0"," 37.5"," 33.0"," 14.0","188.0","112.0"
"  2.5"," 40.0","  5.0"," 37.5"," 33.0"," 21.0","188.0","112.0"
"  2.5"," 40.0","  5.0"," 37.5"," 33.0"," 28.0","188.0","112.0"
"  2.5"," 42.5","  0.0"," 40.0"," 21.0","  2.0","269.0","183.0"
"  2.5"," 42.5","  0.0"," 40.0"," 21.0","  7.0","269.0","183.0"
"  2.5"," 42.5","  0.0"," 40.0"," 21.0"," 14.0","269.0","183.0"
"  2.5"," 42.5","  0.0"," 40.0"," 21.0"," 21.0","269.0","183.0"
"  2.5"," 42.5","  0.0"," 45.0","  3.0","  2.0","269.0","345.0"
"  2.5"," 42.5","  2.5"," 40.0"," 64.0","  2.0","269.0","188.0"
"  2.5"," 42.5","  2.5"," 40.0"," 64.0","  7.0","269.0","188.0"
"  2.5"," 42.5","  2.5"," 40.0"," 64.0"," 14.0","269.0","188.0"
"  2.5"," 42.5","  2.5"," 40.0"," 64.0"," 21.0","269.0","188.0"
"  2.5"," 42.5","  2.5"," 40.0"," 64.0"," 28.0","269.0","188.0"
"  2.5"," 42.5","  5.0"," 40.0"," 62.0","  2.0","269.0","193.0"
"  2.5"," 42.5","  5.0"," 40.0"," 62.0","  7.0","269.0","193.0"
"  2.5"," 42.5","  5.0"," 40.0"," 62.0"," 14.0","269.0","193.0"
"  2.5"," 42.5","  5.0"," 40.0"," 62.0"," 21.0","269.0","193.0"
"  2.5"," 42.5","  5.0"," 40.0"," 62.0"," 28.0","269.0","193.0"
"  2.5"," 42.5","  5.0"," 42.5"," 24.0","  2.0","269.0","274.0"
"  2.5"," 42.5","  5.0"," 42.5"," 24.0","  7.0","269.0","274.0"
"  2.5"," 42.5","  5.0"," 42.5"," 24.0"," 14.0","269.0","274.0"
"  2.5"," 42.5","  5.0"," 42.5"," 24.0"," 21.0","269.0","274.0"
"  2.5"," 45.0","  0.0"," 45.0"," 24.0","  2.0","350.0","345.0"
"  2.5"," 45.0","  0.0"," 45.0"," 24.0","  7.0","350.0","345.0"
"  2.5"," 45.0","  0.0"," 45.0"," 24.0"," 14.0","350.0","345.0"
"  2.5"," 45.0","  0.0"," 45.0"," 24.0"," 21.0","350.0","345.0"
"  2.5"," 45.0","  0.0"," 47.5"," 22.0","  2.0","350.0","426.0"
"  2.5"," 45.0","  0.0"," 47.5"," 22.0","  7.0","350.0","426.0"
"  2.5"," 45.0","  0.0"," 47.5"," 22.0"," 14.0","350.0","426.0"
"  2.5"," 45.0","  0.0"," 47.5"," 22.0"," 21.0","350.0","426.0"
"  2.5"," 45.0","  2.5"," 42.5"," 21.0","  2.0","350.0","269.0"
"  2.5"," 45.0","  2.5"," 42.5"," 21.0","  7.0","350.0","269.0"
"  2.5"," 45.0","  2.5"," 42.5"," 21.0"," 14.0","350.0","269.0"
"  2.5"," 45.0","  2.5"," 42.5"," 21.0"," 21.0","350.0","269.0"
"  2.5"," 45.0","  2.5"," 47.5"," 21.0","  2.0","350.0","431.0"
"  2.5"," 45.0","  2.5"," 47.5"," 21.0","  7.0","350.0","431.0"
"  2.5"," 45.0","  2.5"," 47.5"," 21.0"," 14.0","350.0","431.0"
"  2.5"," 45.0","  2.5"," 47.5"," 21.0"," 21.0","350.0","431.0"
"  2.5"," 45.0","  5.0"," 42.5"," 45.0","  2.0","350.0","274.0"
"  2.5"," 45.0","  5.0"," 42.5"," 45.0","  7.0","350.0","274.0"
"  2.5"," 45.0","  5.0"," 42.5"," 45.0"," 14.0","350.0","274.0"
"  2.5"," 45.0","  5.0"," 42.5"," 45.0"," 21.0","350.0","274.0"
"  2.5"," 45.0","  5.0"," 42.5"," 45.0"," 28.0","350.0","274.0"
"  2.5"," 45.0","  5.0"," 45.0","  6.0","  2.0","350.0","355.0"
"  2.5"," 45.0","  5.0"," 47.5","  5.0","  2.0","350.0","436.0"
"  2.5"," 47.5","  0.0"," 45.0","  3.0","  2.0","431.0","345.0"
"  2.5"," 50.0","  0.0"," 47.5"," 17.0","  2.0","512.0","426.0"
"  2.5"," 50.0","  0.0"," 47.5"," 17.0","  7.0","512.0","426.0"
"  2.5"," 50.0","  0.0"," 47.5"," 17.0"," 14.0","512.0","426.0"
"  2.5"," 50.0","  2.5"," 47.5"," 16.0","  2.0","512.0","431.0"
"  2.5"," 50.0","  2.5"," 47.5"," 16.0","  7.0","512.0","431.0"
"  2.5"," 50.0","  2.5"," 47.5"," 16.0"," 14.0","512.0","431.0"
"  2.5"," 52.5","  0.0"," 50.0"," 12.0","  2.0","593.0","507.0"
"  2.5"," 52.5","  0.0"," 50.0"," 12.0","  7.0","593.0","507.0"
"  2.5"," 52.5","  2.5"," 50.0"," 11.0","  2.0","593.0","512.0"
"  2.5"," 52.5","  2.5"," 50.0"," 11.0","  7.0","593.0","512.0"
"  2.5"," 52.5","  5.0"," 50.0"," 10.0","  2.0","593.0","517.0"
"  2.5"," 52.5","  5.0"," 50.0"," 10.0","  7.0","593.0","517.0"
"  2.5"," 52.5","  5.0"," 52.5","  8.0","  2.0","593.0","598.0"
"  2.5"," 52.5","  5.0"," 52.5","  8.0","  7.0","593.0","598.0"
"  2.5"," 55.0","  2.5"," 52.5"," 24.0","  2.0","674.0","593.0"
"  2.5"," 55.0","  2.5"," 52.5"," 24.0","  7.0","674.0","593.0"
"  2.5"," 55.0","  2.5"," 52.5"," 24.0"," 14.0","674.0","593.0"
"  2.5"," 55.0","  2.5"," 52.5"," 24.0"," 21.0","674.0","593.0"
"  2.5"," 55.0","  5.0"," 52.5"," 32.0","  2.0","674.0","598.0"
"  2.5"," 55.0","  5.0"," 52.5"," 32.0","  7.0","674.0","598.0"
"  2.5"," 55.0","  5.0"," 52.5"," 32.0"," 14.0","674.0","598.0"
"  2.5"," 55.0","  5.0"," 52.5"," 32.0"," 21.0","674.0","598.0"
"  2.5"," 55.0","  5.0"," 52.5"," 32.0"," 28.0","674.0","598.0"
"  2.5"," 55.0","  5.0"," 55.0","  5.0","  2.0","674.0","679.0"
"  2.5"," 55.0","  5.0"," 55.0","  5.0","  2.0","674.0","679.0"
"  5.0"," 35.0","  2.5"," 37.5"," 54.0","  2.0"," 31.0","107.0"
"  5.0"," 35.0","  2.5"," 37.5"," 54.0","  7.0"," 31.0","107.0"
"  5.0"," 35.0","  2.5"," 37.5"," 54.0"," 14.0"," 31.0","107.0"
"  5.0"," 35.0","  2.5"," 37.5"," 54.0"," 21.0"," 31.0","107.0"
"  5.0"," 35.0","  2.5"," 37.5"," 54.0"," 28.0"," 31.0","107.0"
"  5.0"," 35.0","  5.0"," 37.5"," 54.0","  2.0"," 31.0","112.0"
"  5.0"," 35.0","  5.0"," 37.5"," 54.0","  7.0"," 31.0","112.0"
"  5.0"," 35.0","  5.0"," 37.5"," 54.0"," 14.0"," 31.0","112.0"
"  5.0"," 35.0","  5.0"," 37.5"," 54.0"," 21.0"," 31.0","112.0"
"  5.0"," 35.0","  5.0"," 37.5"," 54.0"," 28.0"," 31.0","112.0"
"  5.0"," 35.0","  7.5"," 37.5"," 53.0","  2.0"," 31.0","117.0"
"  5.0"," 35.0","  7.5"," 37.5"," 53.0","  7.0"," 31.0","117.0"
"  5.0"," 35.0","  7.5"," 37.5"," 53.0"," 14.0"," 31.0","117.0"
"  5.0"," 35.0","  7.5"," 37.5"," 53.0"," 21.0"," 31.0","117.0"
"  5.0"," 35.0","  7.5"," 37.5"," 53.0"," 28.0"," 31.0","117.0"
"  5.0"," 40.0","  2.5"," 37.5"," 35.0","  2.0","193.0","107.0"
"  5.0"," 40.0","  2.5"," 37.5"," 35.0","  7.0","193.0","107.0"
"  5.0"," 40.0","  2.5"," 37.5"," 35.0"," 14.0","193.0","107.0"
"  5.0"," 40.0","  2.5"," 37.5"," 35.0"," 21.0","193.0","107.0"
"  5.0"," 40.0","  2.5"," 37.5"," 35.0"," 28.0","193.0","107.0"
"  5.0"," 40.0","  2.5"," 40.0","  2.0","  2.0","193.0","188.0"
"  5.0"," 40.0","  5.0"," 37.5"," 35.0","  2.0","193.0","112.0"
"  5.0"," 40.0","  5.0"," 37.5"," 35.0","  7.0","193.0","112.0"
"  5.0"," 40.0","  5.0"," 37.5"," 35.0"," 14.0","193.0","112.0"
"  5.0"," 40.0","  5.0"," 37.5"," 35.0"," 21.0","193.0","112.0"
"  5.0"," 40.0","  5.0"," 37.5"," 35.0"," 28.0","193.0","112.0"
"  5.0"," 40.0","  7.5"," 37.5"," 34.0","  2.0","193.0","117.0"
"  5.0"," 40.0","  7.5"," 37.5"," 34.0","  7.0","193.0","117.0"
"  5.0"," 40.0","  7.5"," 37.5"," 34.0"," 14.0","193.0","117.0"
"  5.0"," 40.0","  7.5"," 37.5"," 34.0"," 21.0","193.0","117.0"
"  5.0"," 40.0","  7.5"," 37.5"," 34.0"," 28.0","193.0","117.0"
"  5.0"," 42.5","  2.5"," 40.0"," 40.0","  2.0","274.0","188.0"
"  5.0"," 42.5","  2.5"," 40.0"," 40.0","  7.0","274.0","188.0"
"  5.0"," 42.5","  2.5"," 40.0"," 40.0"," 14.0","274.0","188.0"
"  5.0"," 42.5","  2.5"," 40.0"," 40.0"," 21.0","274.0","188.0"
"  5.0"," 42.5","  2.5"," 40.0"," 40.0"," 28.0","274.0","188.0"
"  5.0"," 42.5","  5.0"," 40.0"," 38.0","  2.0","274.0","193.0"
"  5.0"," 42.5","  5.0"," 40.0"," 38.0","  7.0","274.0","193.0"
"  5.0"," 42.5","  5.0"," 40.0"," 38.0"," 14.0","274.0","193.0"
"  5.0"," 42.5","  5.0"," 40.0"," 38.0"," 21.0","274.0","193.0"
"  5.0"," 42.5","  5.0"," 40.0"," 38.0"," 28.0","274.0","193.0"
"  5.0"," 42.5","  7.5"," 40.0"," 38.0","  2.0","274.0","198.0"
"  5.0"," 42.5","  7.5"," 40.0"," 38.0","  7.0","274.0","198.0"
"  5.0"," 42.5","  7.5"," 40.0"," 38.0"," 14.0","274.0","198.0"
"  5.0"," 42.5","  7.5"," 40.0"," 38.0"," 21.0","274.0","198.0"
"  5.0"," 42.5","  7.5"," 40.0"," 38.0"," 28.0","274.0","198.0"
"  5.0"," 42.5","  7.5"," 42.5"," 11.0","  2.0","274.0","279.0"
"  5.0"," 42.5","  7.5"," 42.5"," 11.0","  7.0","274.0","279.0"
"  5.0"," 45.0","  2.5"," 42.5"," 15.0","  2.0","355.0","269.0"
"  5.0"," 45.0","  2.5"," 42.5"," 15.0","  7.0","355.0","269.0"
"  5.0"," 45.0","  2.5"," 42.5"," 15.0"," 14.0","355.0","269.0"
"  5.0"," 45.0","  2.5"," 47.5"," 15.0","  2.0","355.0","431.0"
"  5.0"," 45.0","  2.5"," 47.5"," 15.0","  7.0","355.0","431.0"
"  5.0"," 45.0","  2.5"," 47.5"," 15.0"," 14.0","355.0","431.0"
"  5.0"," 45.0","  5.0"," 42.5"," 39.0","  2.0","355.0","274.0"
"  5.0"," 45.0","  5.0"," 42.5"," 39.0","  7.0","355.0","274.0"
"  5.0"," 45.0","  5.0"," 42.5"," 39.0"," 14.0","355.0","274.0"
"  5.0"," 45.0","  5.0"," 42.5"," 39.0"," 21.0","355.0","274.0"
"  5.0"," 45.0","  5.0"," 42.5"," 39.0"," 28.0","355.0","274.0"
"  5.0"," 45.0","  7.5"," 42.5"," 50.0","  2.0","355.0","279.0"
"  5.0"," 45.0","  7.5"," 42.5"," 50.0","  7.0","355.0","279.0"
"  5.0"," 45.0","  7.5"," 42.5"," 50.0"," 14.0","355.0","279.0"
"  5.0"," 45.0","  7.5"," 42.5"," 50.0"," 21.0","355.0","279.0"
"  5.0"," 45.0","  7.5"," 42.5"," 50.0"," 28.0","355.0","279.0"
"  5.0"," 47.5","  2.5"," 47.5"," 16.0","  2.0","436.0","431.0"
"  5.0"," 47.5","  2.5"," 47.5"," 16.0","  7.0","436.0","431.0"
"  5.0"," 47.5","  2.5"," 47.5"," 16.0"," 14.0","436.0","431.0"
"  5.0"," 50.0","  2.5"," 47.5"," 17.0","  2.0","517.0","431.0"
"  5.0"," 50.0","  2.5"," 47.5"," 17.0","  7.0","517.0","431.0"
"  5.0"," 50.0","  2.5"," 47.5"," 17.0"," 14.0","517.0","431.0"
"  5.0"," 52.5","  2.5"," 50.0","  3.0","  2.0","598.0","512.0"
"  5.0"," 52.5","  5.0"," 50.0","  2.0","  2.0","598.0","517.0"
"  5.0"," 52.5","  7.5"," 50.0","  2.0","  2.0","598.0","522.0"
"  5.0"," 55.0","  2.5"," 52.5"," 19.0","  2.0","679.0","593.0"
"  5.0"," 55.0","  2.5"," 52.5"," 19.0","  7.0","679.0","593.0"
"  5.0"," 55.0","  2.5"," 52.5"," 19.0"," 14.0","679.0","593.0"
"  5.0"," 55.0","  5.0"," 52.5"," 27.0","  2.0","679.0","598.0"
"  5.0"," 55.0","  5.0"," 52.5"," 27.0","  7.0","679.0","598.0"
"  5.0"," 55.0","  5.0"," 52.5"," 27.0"," 14.0","679.0","598.0"
"  5.0"," 55.0","  5.0"," 52.5"," 27.0"," 21.0","679.0","598.0"
"  5.0"," 55.0","  7.5"," 52.5"," 27.0","  2.0","679.0","603.0"
"  5.0"," 55.0","  7.5"," 52.5"," 27.0","  7.0","679.0","603.0"
"  5.0"," 55.0","  7.5"," 52.5"," 27.0"," 14.0","679.0","603.0"
"  5.0"," 55.0","  7.5"," 52.5"," 27.0"," 21.0","679.0","603.0"
"  5.0"," 55.0","  7.5"," 52.5"," 27.0"," 21.0","679.0","603.0"
" 7.5","35.0"," 5.0","35.0","24.0"," 2.0","36.0","31.0"
" 7.5","35.0"," 5.0","35.0","24.0"," 7.0","36.0","31.0"
" 7.5","35.0"," 5.0","35.0","24.0","14.0","36.0","31.0"
" 7.5","35.0"," 5.0","35.0","24.0","21.0","36.0","31.0"
"  7.5"," 35.0","  5.0"," 37.5"," 78.0","  2.0"," 36.0","112.0"
"  7.5"," 35.0","  5.0"," 37.5"," 78.0","  7.0"," 36.0","112.0"
"  7.5"," 35.0","  5.0"," 37.5"," 78.0"," 14.0"," 36.0","112.0"
"  7.5"," 35.0","  5.0"," 37.5"," 78.0"," 21.0"," 36.0","112.0"
"  7.5"," 35.0","  5.0"," 37.5"," 78.0"," 28.0"," 36.0","112.0"
"  7.5"," 35.0","  7.5"," 37.5"," 77.0","  2.0"," 36.0","117.0"
"  7.5"," 35.0","  7.5"," 37.5"," 77.0","  7.0"," 36.0","117.0"
"  7.5"," 35.0","  7.5"," 37.5"," 77.0"," 14.0"," 36.0","117.0"
"  7.5"," 35.0","  7.5"," 37.5"," 77.0"," 21.0"," 36.0","117.0"
"  7.5"," 35.0","  7.5"," 37.5"," 77.0"," 28.0"," 36.0","117.0"
" 7.5","35.0","10.0","35.0","28.0"," 2.0","36.0","41.0"
" 7.5","35.0","10.0","35.0","28.0"," 7.0","36.0","41.0"
" 7.5","35.0","10.0","35.0","28.0","14.0","36.0","41.0"
" 7.5","35.0","10.0","35.0","28.0","21.0","36.0","41.0"
" 7.5","35.0","10.0","35.0","28.0","28.0","36.0","41.0"
"  7.5"," 35.0"," 10.0"," 37.5"," 45.0","  2.0"," 36.0","122.0"
"  7.5"," 35.0"," 10.0"," 37.5"," 45.0","  7.0"," 36.0","122.0"
"  7.5"," 35.0"," 10.0"," 37.5"," 45.0"," 14.0"," 36.0","122.0"
"  7.5"," 35.0"," 10.0"," 37.5"," 45.0"," 21.0"," 36.0","122.0"
"  7.5"," 35.0"," 10.0"," 37.5"," 45.0"," 28.0"," 36.0","122.0"
"  7.5"," 40.0","  5.0"," 37.5"," 35.0","  2.0","198.0","112.0"
"  7.5"," 40.0","  5.0"," 37.5"," 35.0","  7.0","198.0","112.0"
"  7.5"," 40.0","  5.0"," 37.5"," 35.0"," 14.0","198.0","112.0"
"  7.5"," 40.0","  5.0"," 37.5"," 35.0"," 21.0","198.0","112.0"
"  7.5"," 40.0","  5.0"," 37.5"," 35.0"," 28.0","198.0","112.0"
"  7.5"," 40.0","  7.5"," 37.5"," 34.0","  2.0","198.0","117.0"
"  7.5"," 40.0","  7.5"," 37.5"," 34.0","  7.0","198.0","117.0"
"  7.5"," 40.0","  7.5"," 37.5"," 34.0"," 14.0","198.0","117.0"
"  7.5"," 40.0","  7.5"," 37.5"," 34.0"," 21.0","198.0","117.0"
"  7.5"," 40.0","  7.5"," 37.5"," 34.0"," 28.0","198.0","117.0"
"  7.5"," 40.0"," 10.0"," 37.5","  2.0","  2.0","198.0","122.0"
"  7.5"," 42.5","  5.0"," 40.0"," 27.0","  2.0","279.0","193.0"
"  7.5"," 42.5","  5.0"," 40.0"," 27.0","  7.0","279.0","193.0"
"  7.5"," 42.5","  5.0"," 40.0"," 27.0"," 14.0","279.0","193.0"
"  7.5"," 42.5","  5.0"," 40.0"," 27.0"," 21.0","279.0","193.0"
"  7.5"," 42.5","  7.5"," 40.0"," 27.0","  2.0","279.0","198.0"
"  7.5"," 42.5","  7.5"," 40.0"," 27.0","  7.0","279.0","198.0"
"  7.5"," 42.5","  7.5"," 40.0"," 27.0"," 14.0","279.0","198.0"
"  7.5"," 42.5","  7.5"," 40.0"," 27.0"," 21.0","279.0","198.0"
"  7.5"," 42.5"," 10.0"," 40.0","  8.0","  2.0","279.0","203.0"
"  7.5"," 42.5"," 10.0"," 40.0","  8.0","  7.0","279.0","203.0"
"  7.5"," 45.0","  5.0"," 42.5"," 45.0","  2.0","360.0","274.0"
"  7.5"," 45.0","  5.0"," 42.5"," 45.0","  7.0","360.0","274.0"
"  7.5"," 45.0","  5.0"," 42.5"," 45.0"," 14.0","360.0","274.0"
"  7.5"," 45.0","  5.0"," 42.5"," 45.0"," 21.0","360.0","274.0"
"  7.5"," 45.0","  5.0"," 42.5"," 45.0"," 28.0","360.0","274.0"
"  7.5"," 45.0","  5.0"," 45.0","  6.0","  2.0","360.0","355.0"
"  7.5"," 45.0","  5.0"," 47.5","  5.0","  2.0","360.0","436.0"
"  7.5"," 45.0","  7.5"," 42.5"," 56.0","  2.0","360.0","279.0"
"  7.5"," 45.0","  7.5"," 42.5"," 56.0","  7.0","360.0","279.0"
"  7.5"," 45.0","  7.5"," 42.5"," 56.0"," 14.0","360.0","279.0"
"  7.5"," 45.0","  7.5"," 42.5"," 56.0"," 21.0","360.0","279.0"
"  7.5"," 45.0","  7.5"," 42.5"," 56.0"," 28.0","360.0","279.0"
"  7.5"," 45.0","  7.5"," 47.5","  3.0","  2.0","360.0","441.0"
"  7.5"," 45.0"," 10.0"," 42.5"," 47.0","  2.0","360.0","284.0"
"  7.5"," 45.0"," 10.0"," 42.5"," 47.0","  7.0","360.0","284.0"
"  7.5"," 45.0"," 10.0"," 42.5"," 47.0"," 14.0","360.0","284.0"
"  7.5"," 45.0"," 10.0"," 42.5"," 47.0"," 21.0","360.0","284.0"
"  7.5"," 45.0"," 10.0"," 42.5"," 47.0"," 28.0","360.0","284.0"
"  7.5"," 45.0"," 10.0"," 45.0"," 21.0","  2.0","360.0","365.0"
"  7.5"," 45.0"," 10.0"," 45.0"," 21.0","  7.0","360.0","365.0"
"  7.5"," 45.0"," 10.0"," 45.0"," 21.0"," 14.0","360.0","365.0"
"  7.5"," 45.0"," 10.0"," 45.0"," 21.0"," 21.0","360.0","365.0"
"  7.5"," 47.5","  5.0"," 45.0","  3.0","  2.0","441.0","355.0"
"  7.5"," 47.5","  5.0"," 47.5","  2.0","  2.0","441.0","436.0"
"  7.5"," 47.5"," 10.0"," 45.0"," 18.0","  2.0","441.0","365.0"
"  7.5"," 47.5"," 10.0"," 45.0"," 18.0","  7.0","441.0","365.0"
"  7.5"," 47.5"," 10.0"," 45.0"," 18.0"," 14.0","441.0","365.0"
"  7.5"," 52.5","  5.0"," 50.0","  2.0","  2.0","603.0","517.0"
"  7.5"," 52.5","  7.5"," 50.0","  2.0","  2.0","603.0","522.0"
"  7.5"," 52.5"," 10.0"," 50.0","  2.0","  2.0","603.0","527.0"
"  7.5"," 55.0","  5.0"," 52.5"," 32.0","  2.0","684.0","598.0"
"  7.5"," 55.0","  5.0"," 52.5"," 32.0","  7.0","684.0","598.0"
"  7.5"," 55.0","  5.0"," 52.5"," 32.0"," 14.0","684.0","598.0"
"  7.5"," 55.0","  5.0"," 52.5"," 32.0"," 21.0","684.0","598.0"
"  7.5"," 55.0","  5.0"," 52.5"," 32.0"," 28.0","684.0","598.0"
"  7.5"," 55.0","  5.0"," 55.0","  5.0","  2.0","684.0","679.0"
"  7.5"," 55.0","  7.5"," 52.5"," 32.0","  2.0","684.0","603.0"
"  7.5"," 55.0","  7.5"," 52.5"," 32.0","  7.0","684.0","603.0"
"  7.5"," 55.0","  7.5"," 52.5"," 32.0"," 14.0","684.0","603.0"
"  7.5"," 55.0","  7.5"," 52.5"," 32.0"," 21.0","684.0","603.0"
"  7.5"," 55.0","  7.5"," 52.5"," 32.0"," 28.0","684.0","603.0"
"  7.5"," 55.0"," 10.0"," 52.5"," 18.0","  2.0","684.0","608.0"
"  7.5"," 55.0"," 10.0"," 52.5"," 18.0","  7.0","684.0","608.0"
"  7.5"," 55.0"," 10.0"," 52.5"," 18.0"," 14.0","684.0","608.0"
"  7.5"," 55.0"," 10.0"," 52.5"," 18.0"," 14.0","684.0","608.0"
" 10.0"," 35.0","  7.5"," 37.5"," 49.0","  2.0"," 41.0","117.0"
" 10.0"," 35.0","  7.5"," 37.5"," 49.0","  7.0"," 41.0","117.0"
" 10.0"," 35.0","  7.5"," 37.5"," 49.0"," 14.0"," 41.0","117.0"
" 10.0"," 35.0","  7.5"," 37.5"," 49.0"," 21.0"," 41.0","117.0"
" 10.0"," 35.0","  7.5"," 37.5"," 49.0"," 28.0"," 41.0","117.0"
" 10.0"," 35.0"," 10.0"," 37.5"," 17.0","  2.0"," 41.0","122.0"
" 10.0"," 35.0"," 10.0"," 37.5"," 17.0","  7.0"," 41.0","122.0"
" 10.0"," 35.0"," 10.0"," 37.5"," 17.0"," 14.0"," 41.0","122.0"
"10.0","35.0","12.5","35.0","18.0"," 2.0","41.0","46.0"
"10.0","35.0","12.5","35.0","18.0"," 7.0","41.0","46.0"
"10.0","35.0","12.5","35.0","18.0","14.0","41.0","46.0"
" 10.0"," 35.0"," 12.5"," 37.5"," 19.0","  2.0"," 41.0","127.0"
" 10.0"," 35.0"," 12.5"," 37.5"," 19.0","  7.0"," 41.0","127.0"
" 10.0"," 35.0"," 12.5"," 37.5"," 19.0"," 14.0"," 41.0","127.0"
" 10.0"," 37.5","  7.5"," 37.5"," 32.0","  2.0","122.0","117.0"
" 10.0"," 37.5","  7.5"," 37.5"," 32.0","  7.0","122.0","117.0"
" 10.0"," 37.5","  7.5"," 37.5"," 32.0"," 14.0","122.0","117.0"
" 10.0"," 37.5","  7.5"," 37.5"," 32.0"," 21.0","122.0","117.0"
" 10.0"," 37.5","  7.5"," 37.5"," 32.0"," 28.0","122.0","117.0"
" 10.0"," 37.5"," 12.5"," 37.5","  2.0","  2.0","122.0","127.0"
" 10.0"," 40.0","  7.5"," 37.5"," 53.0","  2.0","203.0","117.0"
" 10.0"," 40.0","  7.5"," 37.5"," 53.0","  7.0","203.0","117.0"
" 10.0"," 40.0","  7.5"," 37.5"," 53.0"," 14.0","203.0","117.0"
" 10.0"," 40.0","  7.5"," 37.5"," 53.0"," 21.0","203.0","117.0"
" 10.0"," 40.0","  7.5"," 37.5"," 53.0"," 28.0","203.0","117.0"
" 10.0"," 40.0","  7.5"," 40.0"," 19.0","  2.0","203.0","198.0"
" 10.0"," 40.0","  7.5"," 40.0"," 19.0","  7.0","203.0","198.0"
" 10.0"," 40.0","  7.5"," 40.0"," 19.0"," 14.0","203.0","198.0"
" 10.0"," 40.0"," 10.0"," 37.5"," 21.0","  2.0","203.0","122.0"
" 10.0"," 40.0"," 10.0"," 37.5"," 21.0","  7.0","203.0","122.0"
" 10.0"," 40.0"," 10.0"," 37.5"," 21.0"," 14.0","203.0","122.0"
" 10.0"," 40.0"," 10.0"," 37.5"," 21.0"," 21.0","203.0","122.0"
" 10.0"," 40.0"," 12.5"," 37.5"," 23.0","  2.0","203.0","127.0"
" 10.0"," 40.0"," 12.5"," 37.5"," 23.0","  7.0","203.0","127.0"
" 10.0"," 40.0"," 12.5"," 37.5"," 23.0"," 14.0","203.0","127.0"
" 10.0"," 40.0"," 12.5"," 37.5"," 23.0"," 21.0","203.0","127.0"
" 10.0"," 40.0"," 12.5"," 40.0"," 17.0","  2.0","203.0","208.0"
" 10.0"," 40.0"," 12.5"," 40.0"," 17.0","  7.0","203.0","208.0"
" 10.0"," 40.0"," 12.5"," 40.0"," 17.0"," 14.0","203.0","208.0"
" 10.0"," 42.5","  7.5"," 40.0"," 36.0","  2.0","284.0","198.0"
" 10.0"," 42.5","  7.5"," 40.0"," 36.0","  7.0","284.0","198.0"
" 10.0"," 42.5","  7.5"," 40.0"," 36.0"," 14.0","284.0","198.0"
" 10.0"," 42.5","  7.5"," 40.0"," 36.0"," 21.0","284.0","198.0"
" 10.0"," 42.5","  7.5"," 40.0"," 36.0"," 28.0","284.0","198.0"
" 10.0"," 42.5","  7.5"," 42.5","  9.0","  2.0","284.0","279.0"
" 10.0"," 42.5","  7.5"," 42.5","  9.0","  7.0","284.0","279.0"
" 10.0"," 42.5"," 10.0"," 40.0"," 17.0","  2.0","284.0","203.0"
" 10.0"," 42.5"," 10.0"," 40.0"," 17.0","  7.0","284.0","203.0"
" 10.0"," 42.5"," 10.0"," 40.0"," 17.0"," 14.0","284.0","203.0"
" 10.0"," 42.5"," 12.5"," 40.0"," 34.0","  2.0","284.0","208.0"
" 10.0"," 42.5"," 12.5"," 40.0"," 34.0","  7.0","284.0","208.0"
" 10.0"," 42.5"," 12.5"," 40.0"," 34.0"," 14.0","284.0","208.0"
" 10.0"," 42.5"," 12.5"," 40.0"," 34.0"," 21.0","284.0","208.0"
" 10.0"," 42.5"," 12.5"," 40.0"," 34.0"," 28.0","284.0","208.0"
" 10.0"," 45.0","  7.5"," 42.5"," 35.0","  2.0","365.0","279.0"
" 10.0"," 45.0","  7.5"," 42.5"," 35.0","  7.0","365.0","279.0"
" 10.0"," 45.0","  7.5"," 42.5"," 35.0"," 14.0","365.0","279.0"
" 10.0"," 45.0","  7.5"," 42.5"," 35.0"," 21.0","365.0","279.0"
" 10.0"," 45.0","  7.5"," 42.5"," 35.0"," 28.0","365.0","279.0"
" 10.0"," 45.0"," 10.0"," 42.5"," 26.0","  2.0","365.0","284.0"
" 10.0"," 45.0"," 10.0"," 42.5"," 26.0","  7.0","365.0","284.0"
" 10.0"," 45.0"," 10.0"," 42.5"," 26.0"," 14.0","365.0","284.0"
" 10.0"," 45.0"," 10.0"," 42.5"," 26.0"," 21.0","365.0","284.0"
" 10.0"," 45.0"," 12.5"," 45.0"," 14.0","  2.0","365.0","370.0"
" 10.0"," 45.0"," 12.5"," 45.0"," 14.0","  7.0","365.0","370.0"
" 10.0"," 45.0"," 12.5"," 45.0"," 14.0"," 14.0","365.0","370.0"
" 10.0"," 52.5","  7.5"," 50.0"," 16.0","  2.0","608.0","522.0"
" 10.0"," 52.5","  7.5"," 50.0"," 16.0","  7.0","608.0","522.0"
" 10.0"," 52.5","  7.5"," 50.0"," 16.0"," 14.0","608.0","522.0"
" 10.0"," 52.5","  7.5"," 52.5"," 14.0","  2.0","608.0","603.0"
" 10.0"," 52.5","  7.5"," 52.5"," 14.0","  7.0","608.0","603.0"
" 10.0"," 52.5","  7.5"," 52.5"," 14.0"," 14.0","608.0","603.0"
" 10.0"," 52.5"," 10.0"," 50.0"," 16.0","  2.0","608.0","527.0"
" 10.0"," 52.5"," 10.0"," 50.0"," 16.0","  7.0","608.0","527.0"
" 10.0"," 52.5"," 10.0"," 50.0"," 16.0"," 14.0","608.0","527.0"
" 10.0"," 52.5"," 12.5"," 50.0","  4.0","  2.0","608.0","532.0"
" 10.0"," 52.5"," 12.5"," 50.0","  4.0","  2.0","608.0","532.0"
"12.5","35.0","15.0","35.0","32.0"," 2.0","46.0","51.0"
"12.5","35.0","15.0","35.0","32.0"," 7.0","46.0","51.0"
"12.5","35.0","15.0","35.0","32.0","14.0","46.0","51.0"
"12.5","35.0","15.0","35.0","32.0","21.0","46.0","51.0"
"12.5","35.0","15.0","35.0","32.0","28.0","46.0","51.0"
" 12.5"," 37.5"," 15.0"," 35.0"," 31.0","  2.0","127.0"," 51.0"
" 12.5"," 37.5"," 15.0"," 35.0"," 31.0","  7.0","127.0"," 51.0"
" 12.5"," 37.5"," 15.0"," 35.0"," 31.0"," 14.0","127.0"," 51.0"
" 12.5"," 37.5"," 15.0"," 35.0"," 31.0"," 21.0","127.0"," 51.0"
" 12.5"," 37.5"," 15.0"," 35.0"," 31.0"," 28.0","127.0"," 51.0"
" 12.5"," 40.0"," 10.0"," 37.5","  4.0","  2.0","208.0","122.0"
" 12.5"," 40.0"," 12.5"," 37.5","  6.0","  2.0","208.0","127.0"
" 12.5"," 42.5"," 10.0"," 40.0"," 43.0","  2.0","289.0","203.0"
" 12.5"," 42.5"," 10.0"," 40.0"," 43.0","  7.0","289.0","203.0"
" 12.5"," 42.5"," 10.0"," 40.0"," 43.0"," 14.0","289.0","203.0"
" 12.5"," 42.5"," 10.0"," 40.0"," 43.0"," 21.0","289.0","203.0"
" 12.5"," 42.5"," 10.0"," 40.0"," 43.0"," 28.0","289.0","203.0"
" 12.5"," 42.5"," 10.0"," 42.5"," 26.0","  2.0","289.0","284.0"
" 12.5"," 42.5"," 10.0"," 42.5"," 26.0","  7.0","289.0","284.0"
" 12.5"," 42.5"," 10.0"," 42.5"," 26.0"," 14.0","289.0","284.0"
" 12.5"," 42.5"," 10.0"," 42.5"," 26.0"," 21.0","289.0","284.0"
" 12.5"," 42.5"," 12.5"," 40.0"," 60.0","  2.0","289.0","208.0"
" 12.5"," 42.5"," 12.5"," 40.0"," 60.0","  7.0","289.0","208.0"
" 12.5"," 42.5"," 12.5"," 40.0"," 60.0"," 14.0","289.0","208.0"
" 12.5"," 42.5"," 12.5"," 40.0"," 60.0"," 21.0","289.0","208.0"
" 12.5"," 42.5"," 12.5"," 40.0"," 60.0"," 28.0","289.0","208.0"
" 12.5"," 42.5"," 12.5"," 45.0"," 14.0","  2.0","289.0","370.0"
" 12.5"," 42.5"," 12.5"," 45.0"," 14.0","  7.0","289.0","370.0"
" 12.5"," 42.5"," 12.5"," 45.0"," 14.0"," 14.0","289.0","370.0"
" 12.5"," 42.5"," 15.0"," 40.0"," 41.0","  2.0","289.0","213.0"
" 12.5"," 42.5"," 15.0"," 40.0"," 41.0","  7.0","289.0","213.0"
" 12.5"," 42.5"," 15.0"," 40.0"," 41.0"," 14.0","289.0","213.0"
" 12.5"," 42.5"," 15.0"," 40.0"," 41.0"," 21.0","289.0","213.0"
" 12.5"," 42.5"," 15.0"," 40.0"," 41.0"," 28.0","289.0","213.0"
" 12.5"," 42.5"," 15.0"," 42.5"," 26.0","  2.0","289.0","294.0"
" 12.5"," 42.5"," 15.0"," 42.5"," 26.0","  7.0","289.0","294.0"
" 12.5"," 42.5"," 15.0"," 42.5"," 26.0"," 14.0","289.0","294.0"
" 12.5"," 42.5"," 15.0"," 42.5"," 26.0"," 21.0","289.0","294.0"
" 12.5"," 45.0"," 10.0"," 42.5"," 12.0","  2.0","370.0","284.0"
" 12.5"," 45.0"," 10.0"," 42.5"," 12.0","  7.0","370.0","284.0"
" 12.5"," 45.0"," 15.0"," 42.5"," 12.0","  2.0","370.0","294.0"
" 12.5"," 45.0"," 15.0"," 42.5"," 12.0","  7.0","370.0","294.0"
" 12.5"," 50.0"," 10.0"," 50.0"," 12.0","  2.0","532.0","527.0"
" 12.5"," 50.0"," 10.0"," 50.0"," 12.0","  7.0","532.0","527.0"
" 12.5"," 50.0"," 15.0"," 50.0"," 11.0","  2.0","532.0","537.0"
" 12.5"," 50.0"," 15.0"," 50.0"," 11.0","  7.0","532.0","537.0"
" 12.5"," 50.0"," 15.0"," 50.0"," 11.0","  7.0","532.0","537.0"
" 15.0"," 37.5"," 12.5"," 35.0"," 30.0","  2.0","132.0"," 46.0"
" 15.0"," 37.5"," 12.5"," 35.0"," 30.0","  7.0","132.0"," 46.0"
" 15.0"," 37.5"," 12.5"," 35.0"," 30.0"," 14.0","132.0"," 46.0"
" 15.0"," 37.5"," 12.5"," 35.0"," 30.0"," 21.0","132.0"," 46.0"
" 15.0"," 37.5"," 12.5"," 35.0"," 30.0"," 28.0","132.0"," 46.0"
" 15.0"," 37.5"," 12.5"," 37.5"," 31.0","  2.0","132.0","127.0"
" 15.0"," 37.5"," 12.5"," 37.5"," 31.0","  7.0","132.0","127.0"
" 15.0"," 37.5"," 12.5"," 37.5"," 31.0"," 14.0","132.0","127.0"
" 15.0"," 37.5"," 12.5"," 37.5"," 31.0"," 21.0","132.0","127.0"
" 15.0"," 37.5"," 12.5"," 37.5"," 31.0"," 28.0","132.0","127.0"
" 15.0"," 37.5"," 12.5"," 40.0"," 25.0","  2.0","132.0","208.0"
" 15.0"," 37.5"," 12.5"," 40.0"," 25.0","  7.0","132.0","208.0"
" 15.0"," 37.5"," 12.5"," 40.0"," 25.0"," 14.0","132.0","208.0"
" 15.0"," 37.5"," 12.5"," 40.0"," 25.0"," 21.0","132.0","208.0"
" 15.0"," 37.5"," 15.0"," 35.0"," 62.0","  2.0","132.0"," 51.0"
" 15.0"," 37.5"," 15.0"," 35.0"," 62.0","  7.0","132.0"," 51.0"
" 15.0"," 37.5"," 15.0"," 35.0"," 62.0"," 14.0","132.0"," 51.0"
" 15.0"," 37.5"," 15.0"," 35.0"," 62.0"," 21.0","132.0"," 51.0"
" 15.0"," 37.5"," 15.0"," 35.0"," 62.0"," 28.0","132.0"," 51.0"
" 15.0"," 37.5"," 15.0"," 40.0","  6.0","  2.0","132.0","213.0"
" 15.0"," 37.5"," 17.5"," 35.0"," 62.0","  2.0","132.0"," 56.0"
" 15.0"," 37.5"," 17.5"," 35.0"," 62.0","  7.0","132.0"," 56.0"
" 15.0"," 37.5"," 17.5"," 35.0"," 62.0"," 14.0","132.0"," 56.0"
" 15.0"," 37.5"," 17.5"," 35.0"," 62.0"," 21.0","132.0"," 56.0"
" 15.0"," 37.5"," 17.5"," 35.0"," 62.0"," 28.0","132.0"," 56.0"
" 15.0"," 37.5"," 17.5"," 37.5"," 31.0","  2.0","132.0","137.0"
" 15.0"," 37.5"," 17.5"," 37.5"," 31.0","  7.0","132.0","137.0"
" 15.0"," 37.5"," 17.5"," 37.5"," 31.0"," 14.0","132.0","137.0"
" 15.0"," 37.5"," 17.5"," 37.5"," 31.0"," 21.0","132.0","137.0"
" 15.0"," 37.5"," 17.5"," 37.5"," 31.0"," 28.0","132.0","137.0"
" 15.0"," 40.0"," 12.5"," 37.5"," 25.0","  2.0","213.0","127.0"
" 15.0"," 40.0"," 12.5"," 37.5"," 25.0","  7.0","213.0","127.0"
" 15.0"," 40.0"," 12.5"," 37.5"," 25.0"," 14.0","213.0","127.0"
" 15.0"," 40.0"," 12.5"," 37.5"," 25.0"," 21.0","213.0","127.0"
" 15.0"," 40.0"," 12.5"," 40.0"," 19.0","  2.0","213.0","208.0"
" 15.0"," 40.0"," 12.5"," 40.0"," 19.0","  7.0","213.0","208.0"
" 15.0"," 40.0"," 12.5"," 40.0"," 19.0"," 14.0","213.0","208.0"
" 15.0"," 40.0"," 17.5"," 37.5"," 25.0","  2.0","213.0","137.0"
" 15.0"," 40.0"," 17.5"," 37.5"," 25.0","  7.0","213.0","137.0"
" 15.0"," 40.0"," 17.5"," 37.5"," 25.0"," 14.0","213.0","137.0"
" 15.0"," 40.0"," 17.5"," 37.5"," 25.0"," 21.0","213.0","137.0"
" 15.0"," 42.5"," 12.5"," 40.0"," 34.0","  2.0","294.0","208.0"
" 15.0"," 42.5"," 12.5"," 40.0"," 34.0","  7.0","294.0","208.0"
" 15.0"," 42.5"," 12.5"," 40.0"," 34.0"," 14.0","294.0","208.0"
" 15.0"," 42.5"," 12.5"," 40.0"," 34.0"," 21.0","294.0","208.0"
" 15.0"," 42.5"," 12.5"," 40.0"," 34.0"," 28.0","294.0","208.0"
" 15.0"," 42.5"," 15.0"," 40.0"," 15.0","  2.0","294.0","213.0"
" 15.0"," 42.5"," 15.0"," 40.0"," 15.0","  7.0","294.0","213.0"
" 15.0"," 42.5"," 15.0"," 40.0"," 15.0"," 14.0","294.0","213.0"
" 15.0"," 42.5"," 17.5"," 40.0","  9.0","  2.0","294.0","218.0"
" 15.0"," 42.5"," 17.5"," 40.0","  9.0","  7.0","294.0","218.0"
" 15.0"," 42.5"," 17.5"," 42.5","  6.0","  2.0","294.0","299.0"
" 15.0"," 45.0"," 12.5"," 45.0"," 14.0","  2.0","375.0","370.0"
" 15.0"," 45.0"," 12.5"," 45.0"," 14.0","  7.0","375.0","370.0"
" 15.0"," 45.0"," 12.5"," 45.0"," 14.0"," 14.0","375.0","370.0"
" 15.0"," 45.0"," 15.0"," 42.5"," 26.0","  2.0","375.0","294.0"
" 15.0"," 45.0"," 15.0"," 42.5"," 26.0","  7.0","375.0","294.0"
" 15.0"," 45.0"," 15.0"," 42.5"," 26.0"," 14.0","375.0","294.0"
" 15.0"," 45.0"," 15.0"," 42.5"," 26.0"," 21.0","375.0","294.0"
" 15.0"," 45.0"," 17.5"," 42.5"," 32.0","  2.0","375.0","299.0"
" 15.0"," 45.0"," 17.5"," 42.5"," 32.0","  7.0","375.0","299.0"
" 15.0"," 45.0"," 17.5"," 42.5"," 32.0"," 14.0","375.0","299.0"
" 15.0"," 45.0"," 17.5"," 42.5"," 32.0"," 21.0","375.0","299.0"
" 15.0"," 45.0"," 17.5"," 42.5"," 32.0"," 28.0","375.0","299.0"
" 15.0"," 47.5"," 12.5"," 45.0"," 54.0","  2.0","456.0","370.0"
" 15.0"," 47.5"," 12.5"," 45.0"," 54.0","  7.0","456.0","370.0"
" 15.0"," 47.5"," 12.5"," 45.0"," 54.0"," 14.0","456.0","370.0"
" 15.0"," 47.5"," 12.5"," 45.0"," 54.0"," 21.0","456.0","370.0"
" 15.0"," 47.5"," 12.5"," 45.0"," 54.0"," 28.0","456.0","370.0"
" 15.0"," 47.5"," 12.5"," 50.0"," 11.0","  2.0","456.0","532.0"
" 15.0"," 47.5"," 12.5"," 50.0"," 11.0","  7.0","456.0","532.0"
" 15.0"," 47.5"," 15.0"," 45.0"," 40.0","  2.0","456.0","375.0"
" 15.0"," 47.5"," 15.0"," 45.0"," 40.0","  7.0","456.0","375.0"
" 15.0"," 47.5"," 15.0"," 45.0"," 40.0"," 14.0","456.0","375.0"
" 15.0"," 47.5"," 15.0"," 45.0"," 40.0"," 21.0","456.0","375.0"
" 15.0"," 47.5"," 15.0"," 45.0"," 40.0"," 28.0","456.0","375.0"
" 15.0"," 47.5"," 15.0"," 50.0"," 22.0","  2.0","456.0","537.0"
" 15.0"," 47.5"," 15.0"," 50.0"," 22.0","  7.0","456.0","537.0"
" 15.0"," 47.5"," 15.0"," 50.0"," 22.0"," 14.0","456.0","537.0"
" 15.0"," 47.5"," 15.0"," 50.0"," 22.0"," 21.0","456.0","537.0"
" 15.0"," 47.5"," 17.5"," 45.0"," 40.0","  2.0","456.0","380.0"
" 15.0"," 47.5"," 17.5"," 45.0"," 40.0","  7.0","456.0","380.0"
" 15.0"," 47.5"," 17.5"," 45.0"," 40.0"," 14.0","456.0","380.0"
" 15.0"," 47.5"," 17.5"," 45.0"," 40.0"," 21.0","456.0","380.0"
" 15.0"," 47.5"," 17.5"," 45.0"," 40.0"," 28.0","456.0","380.0"
" 15.0"," 47.5"," 17.5"," 47.5"," 38.0","  2.0","456.0","461.0"
" 15.0"," 47.5"," 17.5"," 47.5"," 38.0","  7.0","456.0","461.0"
" 15.0"," 47.5"," 17.5"," 47.5"," 38.0"," 14.0","456.0","461.0"
" 15.0"," 47.5"," 17.5"," 47.5"," 38.0"," 21.0","456.0","461.0"
" 15.0"," 47.5"," 17.5"," 47.5"," 38.0"," 28.0","456.0","461.0"
" 15.0"," 47.5"," 17.5"," 50.0"," 12.0","  2.0","456.0","542.0"
" 15.0"," 47.5"," 17.5"," 50.0"," 12.0","  7.0","456.0","542.0"
" 15.0"," 50.0"," 17.5"," 47.5"," 16.0","  2.0","537.0","461.0"
" 15.0"," 50.0"," 17.5"," 47.5"," 16.0","  7.0","537.0","461.0"
" 15.0"," 50.0"," 17.5"," 47.5"," 16.0"," 14.0","537.0","461.0"
" 15.0"," 50.0"," 17.5"," 47.5"," 16.0"," 14.0","537.0","461.0"
" 17.5"," 37.5"," 15.0"," 35.0"," 31.0","  2.0","137.0"," 51.0"
" 17.5"," 37.5"," 15.0"," 35.0"," 31.0","  7.0","137.0"," 51.0"
" 17.5"," 37.5"," 15.0"," 35.0"," 31.0"," 14.0","137.0"," 51.0"
" 17.5"," 37.5"," 15.0"," 35.0"," 31.0"," 21.0","137.0"," 51.0"
" 17.5"," 37.5"," 15.0"," 35.0"," 31.0"," 28.0","137.0"," 51.0"
" 17.5"," 37.5"," 17.5"," 35.0"," 31.0","  2.0","137.0"," 56.0"
" 17.5"," 37.5"," 17.5"," 35.0"," 31.0","  7.0","137.0"," 56.0"
" 17.5"," 37.5"," 17.5"," 35.0"," 31.0"," 14.0","137.0"," 56.0"
" 17.5"," 37.5"," 17.5"," 35.0"," 31.0"," 21.0","137.0"," 56.0"
" 17.5"," 37.5"," 17.5"," 35.0"," 31.0"," 28.0","137.0"," 56.0"
" 17.5"," 37.5"," 20.0"," 35.0"," 31.0","  2.0","137.0"," 61.0"
" 17.5"," 37.5"," 20.0"," 35.0"," 31.0","  7.0","137.0"," 61.0"
" 17.5"," 37.5"," 20.0"," 35.0"," 31.0"," 14.0","137.0"," 61.0"
" 17.5"," 37.5"," 20.0"," 35.0"," 31.0"," 21.0","137.0"," 61.0"
" 17.5"," 37.5"," 20.0"," 35.0"," 31.0"," 28.0","137.0"," 61.0"
" 17.5"," 40.0"," 15.0"," 40.0","  6.0","  2.0","218.0","213.0"
" 17.5"," 40.0"," 17.5"," 37.5"," 31.0","  2.0","218.0","137.0"
" 17.5"," 40.0"," 17.5"," 37.5"," 31.0","  7.0","218.0","137.0"
" 17.5"," 40.0"," 17.5"," 37.5"," 31.0"," 14.0","218.0","137.0"
" 17.5"," 40.0"," 17.5"," 37.5"," 31.0"," 21.0","218.0","137.0"
" 17.5"," 40.0"," 17.5"," 37.5"," 31.0"," 28.0","218.0","137.0"
" 17.5"," 40.0"," 20.0"," 37.5"," 31.0","  2.0","218.0","142.0"
" 17.5"," 40.0"," 20.0"," 37.5"," 31.0","  7.0","218.0","142.0"
" 17.5"," 40.0"," 20.0"," 37.5"," 31.0"," 14.0","218.0","142.0"
" 17.5"," 40.0"," 20.0"," 37.5"," 31.0"," 21.0","218.0","142.0"
" 17.5"," 40.0"," 20.0"," 37.5"," 31.0"," 28.0","218.0","142.0"
" 17.5"," 42.5"," 15.0"," 40.0","  9.0","  2.0","299.0","213.0"
" 17.5"," 42.5"," 15.0"," 40.0","  9.0","  7.0","299.0","213.0"
" 17.5"," 42.5"," 17.5"," 40.0","  3.0","  2.0","299.0","218.0"
" 17.5"," 45.0"," 15.0"," 42.5"," 26.0","  2.0","380.0","294.0"
" 17.5"," 45.0"," 15.0"," 42.5"," 26.0","  7.0","380.0","294.0"
" 17.5"," 45.0"," 15.0"," 42.5"," 26.0"," 14.0","380.0","294.0"
" 17.5"," 45.0"," 15.0"," 42.5"," 26.0"," 21.0","380.0","294.0"
" 17.5"," 45.0"," 17.5"," 42.5"," 32.0","  2.0","380.0","299.0"
" 17.5"," 45.0"," 17.5"," 42.5"," 32.0","  7.0","380.0","299.0"
" 17.5"," 45.0"," 17.5"," 42.5"," 32.0"," 14.0","380.0","299.0"
" 17.5"," 45.0"," 17.5"," 42.5"," 32.0"," 21.0","380.0","299.0"
" 17.5"," 45.0"," 17.5"," 42.5"," 32.0"," 28.0","380.0","299.0"
" 17.5"," 47.5"," 15.0"," 45.0","  2.0","  2.0","461.0","375.0"
" 17.5"," 47.5"," 17.5"," 45.0","  2.0","  2.0","461.0","380.0"
" 17.5"," 47.5"," 20.0"," 45.0","  3.0","  2.0","461.0","385.0"
" 17.5"," 50.0"," 15.0"," 50.0"," 10.0","  2.0","542.0","537.0"
" 17.5"," 50.0"," 15.0"," 50.0"," 10.0","  7.0","542.0","537.0"
" 17.5"," 50.0"," 17.5"," 47.5"," 26.0","  2.0","542.0","461.0"
" 17.5"," 50.0"," 17.5"," 47.5"," 26.0","  7.0","542.0","461.0"
" 17.5"," 50.0"," 17.5"," 47.5"," 26.0"," 14.0","542.0","461.0"
" 17.5"," 50.0"," 17.5"," 47.5"," 26.0"," 21.0","542.0","461.0"
" 17.5"," 50.0"," 20.0"," 47.5"," 27.0","  2.0","542.0","466.0"
" 17.5"," 50.0"," 20.0"," 47.5"," 27.0","  7.0","542.0","466.0"
" 17.5"," 50.0"," 20.0"," 47.5"," 27.0"," 14.0","542.0","466.0"
" 17.5"," 50.0"," 20.0"," 47.5"," 27.0"," 21.0","542.0","466.0"
" 17.5"," 50.0"," 20.0"," 50.0","  8.0","  2.0","542.0","547.0"
" 17.5"," 50.0"," 20.0"," 50.0","  8.0","  7.0","542.0","547.0"
" 17.5"," 50.0"," 20.0"," 50.0","  8.0","  7.0","542.0","547.0"
" 20.0"," 37.5"," 17.5"," 35.0"," 31.0","  2.0","142.0"," 56.0"
" 20.0"," 37.5"," 17.5"," 35.0"," 31.0","  7.0","142.0"," 56.0"
" 20.0"," 37.5"," 17.5"," 35.0"," 31.0"," 14.0","142.0"," 56.0"
" 20.0"," 37.5"," 17.5"," 35.0"," 31.0"," 21.0","142.0"," 56.0"
" 20.0"," 37.5"," 17.5"," 35.0"," 31.0"," 28.0","142.0"," 56.0"
" 20.0"," 37.5"," 20.0"," 35.0"," 31.0","  2.0","142.0"," 61.0"
" 20.0"," 37.5"," 20.0"," 35.0"," 31.0","  7.0","142.0"," 61.0"
" 20.0"," 37.5"," 20.0"," 35.0"," 31.0"," 14.0","142.0"," 61.0"
" 20.0"," 37.5"," 20.0"," 35.0"," 31.0"," 21.0","142.0"," 61.0"
" 20.0"," 37.5"," 20.0"," 35.0"," 31.0"," 28.0","142.0"," 61.0"
" 20.0"," 37.5"," 22.5"," 35.0"," 31.0","  2.0","142.0"," 66.0"
" 20.0"," 37.5"," 22.5"," 35.0"," 31.0","  7.0","142.0"," 66.0"
" 20.0"," 37.5"," 22.5"," 35.0"," 31.0"," 14.0","142.0"," 66.0"
" 20.0"," 37.5"," 22.5"," 35.0"," 31.0"," 21.0","142.0"," 66.0"
" 20.0"," 37.5"," 22.5"," 35.0"," 31.0"," 28.0","142.0"," 66.0"
" 20.0"," 40.0"," 17.5"," 37.5"," 45.0","  2.0","223.0","137.0"
" 20.0"," 40.0"," 17.5"," 37.5"," 45.0","  7.0","223.0","137.0"
" 20.0"," 40.0"," 17.5"," 37.5"," 45.0"," 14.0","223.0","137.0"
" 20.0"," 40.0"," 17.5"," 37.5"," 45.0"," 21.0","223.0","137.0"
" 20.0"," 40.0"," 17.5"," 37.5"," 45.0"," 28.0","223.0","137.0"
" 20.0"," 40.0"," 17.5"," 40.0"," 14.0","  2.0","223.0","218.0"
" 20.0"," 40.0"," 17.5"," 40.0"," 14.0","  7.0","223.0","218.0"
" 20.0"," 40.0"," 17.5"," 40.0"," 14.0"," 14.0","223.0","218.0"
" 20.0"," 40.0"," 17.5"," 42.5"," 11.0","  2.0","223.0","299.0"
" 20.0"," 40.0"," 17.5"," 42.5"," 11.0","  7.0","223.0","299.0"
" 20.0"," 40.0"," 20.0"," 37.5"," 45.0","  2.0","223.0","142.0"
" 20.0"," 40.0"," 20.0"," 37.5"," 45.0","  7.0","223.0","142.0"
" 20.0"," 40.0"," 20.0"," 37.5"," 45.0"," 14.0","223.0","142.0"
" 20.0"," 40.0"," 20.0"," 37.5"," 45.0"," 21.0","223.0","142.0"
" 20.0"," 40.0"," 20.0"," 37.5"," 45.0"," 28.0","223.0","142.0"
" 20.0"," 40.0"," 22.5"," 40.0","  2.0","  2.0","223.0","228.0"
" 20.0"," 42.5"," 17.5"," 40.0"," 42.0","  2.0","304.0","218.0"
" 20.0"," 42.5"," 17.5"," 40.0"," 42.0","  7.0","304.0","218.0"
" 20.0"," 42.5"," 17.5"," 40.0"," 42.0"," 14.0","304.0","218.0"
" 20.0"," 42.5"," 17.5"," 40.0"," 42.0"," 21.0","304.0","218.0"
" 20.0"," 42.5"," 17.5"," 40.0"," 42.0"," 28.0","304.0","218.0"
" 20.0"," 42.5"," 17.5"," 42.5"," 39.0","  2.0","304.0","299.0"
" 20.0"," 42.5"," 17.5"," 42.5"," 39.0","  7.0","304.0","299.0"
" 20.0"," 42.5"," 17.5"," 42.5"," 39.0"," 14.0","304.0","299.0"
" 20.0"," 42.5"," 17.5"," 42.5"," 39.0"," 21.0","304.0","299.0"
" 20.0"," 42.5"," 17.5"," 42.5"," 39.0"," 28.0","304.0","299.0"
" 20.0"," 42.5"," 17.5"," 45.0","  7.0","  2.0","304.0","380.0"
" 20.0"," 42.5"," 17.5"," 45.0","  7.0","  7.0","304.0","380.0"
" 20.0"," 42.5"," 20.0"," 40.0"," 28.0","  2.0","304.0","223.0"
" 20.0"," 42.5"," 20.0"," 40.0"," 28.0","  7.0","304.0","223.0"
" 20.0"," 42.5"," 20.0"," 40.0"," 28.0"," 14.0","304.0","223.0"
" 20.0"," 42.5"," 20.0"," 40.0"," 28.0"," 21.0","304.0","223.0"
" 20.0"," 42.5"," 20.0"," 40.0"," 28.0"," 28.0","304.0","223.0"
" 20.0"," 42.5"," 20.0"," 45.0","  8.0","  2.0","304.0","385.0"
" 20.0"," 42.5"," 20.0"," 45.0","  8.0","  7.0","304.0","385.0"
" 20.0"," 42.5"," 22.5"," 40.0"," 30.0","  2.0","304.0","228.0"
" 20.0"," 42.5"," 22.5"," 40.0"," 30.0","  7.0","304.0","228.0"
" 20.0"," 42.5"," 22.5"," 40.0"," 30.0"," 14.0","304.0","228.0"
" 20.0"," 42.5"," 22.5"," 40.0"," 30.0"," 21.0","304.0","228.0"
" 20.0"," 42.5"," 22.5"," 40.0"," 30.0"," 28.0","304.0","228.0"
" 20.0"," 42.5"," 22.5"," 42.5","  2.0","  2.0","304.0","309.0"
" 20.0"," 42.5"," 22.5"," 45.0","  6.0","  2.0","304.0","390.0"
" 20.0"," 45.0"," 17.5"," 42.5"," 31.0","  2.0","385.0","299.0"
" 20.0"," 45.0"," 17.5"," 42.5"," 31.0","  7.0","385.0","299.0"
" 20.0"," 45.0"," 17.5"," 42.5"," 31.0"," 14.0","385.0","299.0"
" 20.0"," 45.0"," 17.5"," 42.5"," 31.0"," 21.0","385.0","299.0"
" 20.0"," 45.0"," 17.5"," 42.5"," 31.0"," 28.0","385.0","299.0"
" 20.0"," 47.5"," 20.0"," 45.0","  2.0","  2.0","466.0","385.0"
" 20.0"," 50.0"," 17.5"," 47.5"," 18.0","  2.0","547.0","461.0"
" 20.0"," 50.0"," 17.5"," 47.5"," 18.0","  7.0","547.0","461.0"
" 20.0"," 50.0"," 17.5"," 47.5"," 18.0"," 14.0","547.0","461.0"
" 20.0"," 50.0"," 20.0"," 47.5"," 19.0","  2.0","547.0","466.0"
" 20.0"," 50.0"," 20.0"," 47.5"," 19.0","  7.0","547.0","466.0"
" 20.0"," 50.0"," 20.0"," 47.5"," 19.0"," 14.0","547.0","466.0"
" 20.0"," 50.0"," 22.5"," 47.5"," 18.0","  2.0","547.0","471.0"
" 20.0"," 50.0"," 22.5"," 47.5"," 18.0","  7.0","547.0","471.0"
" 20.0"," 50.0"," 22.5"," 47.5"," 18.0"," 14.0","547.0","471.0"
" 20.0"," 50.0"," 22.5"," 47.5"," 18.0"," 14.0","547.0","471.0"
" 22.5"," 37.5"," 20.0"," 35.0"," 75.0","  2.0","147.0"," 61.0"
" 22.5"," 37.5"," 20.0"," 35.0"," 75.0","  7.0","147.0"," 61.0"
" 22.5"," 37.5"," 20.0"," 35.0"," 75.0"," 14.0","147.0"," 61.0"
" 22.5"," 37.5"," 20.0"," 35.0"," 75.0"," 21.0","147.0"," 61.0"
" 22.5"," 37.5"," 20.0"," 35.0"," 75.0"," 28.0","147.0"," 61.0"
" 22.5"," 37.5"," 20.0"," 37.5"," 44.0","  2.0","147.0","142.0"
" 22.5"," 37.5"," 20.0"," 37.5"," 44.0","  7.0","147.0","142.0"
" 22.5"," 37.5"," 20.0"," 37.5"," 44.0"," 14.0","147.0","142.0"
" 22.5"," 37.5"," 20.0"," 37.5"," 44.0"," 21.0","147.0","142.0"
" 22.5"," 37.5"," 20.0"," 37.5"," 44.0"," 28.0","147.0","142.0"
" 22.5"," 37.5"," 22.5"," 35.0"," 75.0","  2.0","147.0"," 66.0"
" 22.5"," 37.5"," 22.5"," 35.0"," 75.0","  7.0","147.0"," 66.0"
" 22.5"," 37.5"," 22.5"," 35.0"," 75.0"," 14.0","147.0"," 66.0"
" 22.5"," 37.5"," 22.5"," 35.0"," 75.0"," 21.0","147.0"," 66.0"
" 22.5"," 37.5"," 22.5"," 35.0"," 75.0"," 28.0","147.0"," 66.0"
" 22.5"," 37.5"," 25.0"," 35.0"," 43.0","  2.0","147.0"," 71.0"
" 22.5"," 37.5"," 25.0"," 35.0"," 43.0","  7.0","147.0"," 71.0"
" 22.5"," 37.5"," 25.0"," 35.0"," 43.0"," 14.0","147.0"," 71.0"
" 22.5"," 37.5"," 25.0"," 35.0"," 43.0"," 21.0","147.0"," 71.0"
" 22.5"," 37.5"," 25.0"," 35.0"," 43.0"," 28.0","147.0"," 71.0"
" 22.5"," 37.5"," 25.0"," 37.5"," 26.0","  2.0","147.0","152.0"
" 22.5"," 37.5"," 25.0"," 37.5"," 26.0","  7.0","147.0","152.0"
" 22.5"," 37.5"," 25.0"," 37.5"," 26.0"," 14.0","147.0","152.0"
" 22.5"," 37.5"," 25.0"," 37.5"," 26.0"," 21.0","147.0","152.0"
" 22.5"," 37.5"," 25.0"," 40.0"," 24.0","  2.0","147.0","233.0"
" 22.5"," 37.5"," 25.0"," 40.0"," 24.0","  7.0","147.0","233.0"
" 22.5"," 37.5"," 25.0"," 40.0"," 24.0"," 14.0","147.0","233.0"
" 22.5"," 37.5"," 25.0"," 40.0"," 24.0"," 21.0","147.0","233.0"
" 22.5"," 40.0"," 20.0"," 37.5"," 43.0","  2.0","228.0","142.0"
" 22.5"," 40.0"," 20.0"," 37.5"," 43.0","  7.0","228.0","142.0"
" 22.5"," 40.0"," 20.0"," 37.5"," 43.0"," 14.0","228.0","142.0"
" 22.5"," 40.0"," 20.0"," 37.5"," 43.0"," 21.0","228.0","142.0"
" 22.5"," 40.0"," 20.0"," 37.5"," 43.0"," 28.0","228.0","142.0"
" 22.5"," 40.0"," 25.0"," 37.5"," 25.0","  2.0","228.0","152.0"
" 22.5"," 40.0"," 25.0"," 37.5"," 25.0","  7.0","228.0","152.0"
" 22.5"," 40.0"," 25.0"," 37.5"," 25.0"," 14.0","228.0","152.0"
" 22.5"," 40.0"," 25.0"," 37.5"," 25.0"," 21.0","228.0","152.0"
" 22.5"," 40.0"," 25.0"," 40.0"," 23.0","  2.0","228.0","233.0"
" 22.5"," 40.0"," 25.0"," 40.0"," 23.0","  7.0","228.0","233.0"
" 22.5"," 40.0"," 25.0"," 40.0"," 23.0"," 14.0","228.0","233.0"
" 22.5"," 40.0"," 25.0"," 40.0"," 23.0"," 21.0","228.0","233.0"
" 22.5"," 42.5"," 20.0"," 40.0"," 26.0","  2.0","309.0","223.0"
" 22.5"," 42.5"," 20.0"," 40.0"," 26.0","  7.0","309.0","223.0"
" 22.5"," 42.5"," 20.0"," 40.0"," 26.0"," 14.0","309.0","223.0"
" 22.5"," 42.5"," 20.0"," 40.0"," 26.0"," 21.0","309.0","223.0"
" 22.5"," 42.5"," 20.0"," 45.0","  6.0","  2.0","309.0","385.0"
" 22.5"," 42.5"," 22.5"," 40.0"," 28.0","  2.0","309.0","228.0"
" 22.5"," 42.5"," 22.5"," 40.0"," 28.0","  7.0","309.0","228.0"
" 22.5"," 42.5"," 22.5"," 40.0"," 28.0"," 14.0","309.0","228.0"
" 22.5"," 42.5"," 22.5"," 40.0"," 28.0"," 21.0","309.0","228.0"
" 22.5"," 42.5"," 22.5"," 40.0"," 28.0"," 28.0","309.0","228.0"
" 22.5"," 42.5"," 22.5"," 45.0","  4.0","  2.0","309.0","390.0"
" 22.5"," 42.5"," 25.0"," 40.0"," 51.0","  2.0","309.0","233.0"
" 22.5"," 42.5"," 25.0"," 40.0"," 51.0","  7.0","309.0","233.0"
" 22.5"," 42.5"," 25.0"," 40.0"," 51.0"," 14.0","309.0","233.0"
" 22.5"," 42.5"," 25.0"," 40.0"," 51.0"," 21.0","309.0","233.0"
" 22.5"," 42.5"," 25.0"," 40.0"," 51.0"," 28.0","309.0","233.0"
" 22.5"," 42.5"," 25.0"," 42.5","  4.0","  2.0","309.0","314.0"
" 22.5"," 45.0"," 20.0"," 45.0","  2.0","  2.0","390.0","385.0"
" 22.5"," 47.5"," 20.0"," 45.0","  3.0","  2.0","471.0","385.0"
" 22.5"," 50.0"," 20.0"," 47.5"," 18.0","  2.0","552.0","466.0"
" 22.5"," 50.0"," 20.0"," 47.5"," 18.0","  7.0","552.0","466.0"
" 22.5"," 50.0"," 20.0"," 47.5"," 18.0"," 14.0","552.0","466.0"
" 22.5"," 50.0"," 22.5"," 47.5"," 17.0","  2.0","552.0","471.0"
" 22.5"," 50.0"," 22.5"," 47.5"," 17.0","  7.0","552.0","471.0"
" 22.5"," 50.0"," 22.5"," 47.5"," 17.0"," 14.0","552.0","471.0"
" 22.5"," 50.0"," 25.0"," 50.0","  8.0","  2.0","552.0","557.0"
" 22.5"," 50.0"," 25.0"," 50.0","  8.0","  7.0","552.0","557.0"
" 22.5"," 52.5"," 20.0"," 50.0"," 18.0","  2.0","633.0","547.0"
" 22.5"," 52.5"," 20.0"," 50.0"," 18.0","  7.0","633.0","547.0"
" 22.5"," 52.5"," 20.0"," 50.0"," 18.0"," 14.0","633.0","547.0"
" 22.5"," 52.5"," 22.5"," 50.0"," 19.0","  2.0","633.0","552.0"
" 22.5"," 52.5"," 22.5"," 50.0"," 19.0","  7.0","633.0","552.0"
" 22.5"," 52.5"," 22.5"," 50.0"," 19.0"," 14.0","633.0","552.0"
" 22.5"," 52.5"," 25.0"," 50.0"," 27.0","  2.0","633.0","557.0"
" 22.5"," 52.5"," 25.0"," 50.0"," 27.0","  7.0","633.0","557.0"
" 22.5"," 52.5"," 25.0"," 50.0"," 27.0"," 14.0","633.0","557.0"
" 22.5"," 52.5"," 25.0"," 50.0"," 27.0"," 21.0","633.0","557.0"
" 22.5"," 52.5"," 25.0"," 52.5","  3.0","  2.0","633.0","638.0"
" 22.5"," 52.5"," 25.0"," 52.5","  3.0","  2.0","633.0","638.0"
"25.0","35.0","22.5","35.0","32.0"," 2.0","71.0","66.0"
"25.0","35.0","22.5","35.0","32.0"," 7.0","71.0","66.0"
"25.0","35.0","22.5","35.0","32.0","14.0","71.0","66.0"
"25.0","35.0","22.5","35.0","32.0","21.0","71.0","66.0"
"25.0","35.0","22.5","35.0","32.0","28.0","71.0","66.0"
"25.0","35.0","27.5","35.0","32.0"," 2.0","71.0","76.0"
"25.0","35.0","27.5","35.0","32.0"," 7.0","71.0","76.0"
"25.0","35.0","27.5","35.0","32.0","14.0","71.0","76.0"
"25.0","35.0","27.5","35.0","32.0","21.0","71.0","76.0"
"25.0","35.0","27.5","35.0","32.0","28.0","71.0","76.0"
" 25.0"," 37.5"," 22.5"," 35.0"," 49.0","  2.0","152.0"," 66.0"
" 25.0"," 37.5"," 22.5"," 35.0"," 49.0","  7.0","152.0"," 66.0"
" 25.0"," 37.5"," 22.5"," 35.0"," 49.0"," 14.0","152.0"," 66.0"
" 25.0"," 37.5"," 22.5"," 35.0"," 49.0"," 21.0","152.0"," 66.0"
" 25.0"," 37.5"," 22.5"," 35.0"," 49.0"," 28.0","152.0"," 66.0"
" 25.0"," 37.5"," 25.0"," 35.0"," 17.0","  2.0","152.0"," 71.0"
" 25.0"," 37.5"," 25.0"," 35.0"," 17.0","  7.0","152.0"," 71.0"
" 25.0"," 37.5"," 25.0"," 35.0"," 17.0"," 14.0","152.0"," 71.0"
" 25.0"," 37.5"," 27.5"," 35.0"," 49.0","  2.0","152.0"," 76.0"
" 25.0"," 37.5"," 27.5"," 35.0"," 49.0","  7.0","152.0"," 76.0"
" 25.0"," 37.5"," 27.5"," 35.0"," 49.0"," 14.0","152.0"," 76.0"
" 25.0"," 37.5"," 27.5"," 35.0"," 49.0"," 21.0","152.0"," 76.0"
" 25.0"," 37.5"," 27.5"," 35.0"," 49.0"," 28.0","152.0"," 76.0"
" 25.0"," 40.0"," 25.0"," 37.5","  2.0","  2.0","233.0","152.0"
" 25.0"," 42.5"," 22.5"," 40.0"," 24.0","  2.0","314.0","228.0"
" 25.0"," 42.5"," 22.5"," 40.0"," 24.0","  7.0","314.0","228.0"
" 25.0"," 42.5"," 22.5"," 40.0"," 24.0"," 14.0","314.0","228.0"
" 25.0"," 42.5"," 22.5"," 40.0"," 24.0"," 21.0","314.0","228.0"
" 25.0"," 42.5"," 25.0"," 40.0"," 47.0","  2.0","314.0","233.0"
" 25.0"," 42.5"," 25.0"," 40.0"," 47.0","  7.0","314.0","233.0"
" 25.0"," 42.5"," 25.0"," 40.0"," 47.0"," 14.0","314.0","233.0"
" 25.0"," 42.5"," 25.0"," 40.0"," 47.0"," 21.0","314.0","233.0"
" 25.0"," 42.5"," 25.0"," 40.0"," 47.0"," 28.0","314.0","233.0"
" 25.0"," 42.5"," 27.5"," 40.0"," 27.0","  2.0","314.0","238.0"
" 25.0"," 42.5"," 27.5"," 40.0"," 27.0","  7.0","314.0","238.0"
" 25.0"," 42.5"," 27.5"," 40.0"," 27.0"," 14.0","314.0","238.0"
" 25.0"," 42.5"," 27.5"," 40.0"," 27.0"," 21.0","314.0","238.0"
" 25.0"," 42.5"," 27.5"," 42.5"," 23.0","  2.0","314.0","319.0"
" 25.0"," 42.5"," 27.5"," 42.5"," 23.0","  7.0","314.0","319.0"
" 25.0"," 42.5"," 27.5"," 42.5"," 23.0"," 14.0","314.0","319.0"
" 25.0"," 42.5"," 27.5"," 42.5"," 23.0"," 21.0","314.0","319.0"
" 25.0"," 42.5"," 27.5"," 45.0","  8.0","  2.0","314.0","400.0"
" 25.0"," 42.5"," 27.5"," 45.0","  8.0","  7.0","314.0","400.0"
" 25.0"," 45.0"," 22.5"," 45.0","  4.0","  2.0","395.0","390.0"
" 25.0"," 45.0"," 22.5"," 47.5","  3.0","  2.0","395.0","471.0"
" 25.0"," 45.0"," 25.0"," 42.5","  4.0","  2.0","395.0","314.0"
" 25.0"," 45.0"," 27.5"," 42.5"," 27.0","  2.0","395.0","319.0"
" 25.0"," 45.0"," 27.5"," 42.5"," 27.0","  7.0","395.0","319.0"
" 25.0"," 45.0"," 27.5"," 42.5"," 27.0"," 14.0","395.0","319.0"
" 25.0"," 45.0"," 27.5"," 42.5"," 27.0"," 21.0","395.0","319.0"
" 25.0"," 45.0"," 27.5"," 45.0"," 12.0","  2.0","395.0","400.0"
" 25.0"," 45.0"," 27.5"," 45.0"," 12.0","  7.0","395.0","400.0"
" 25.0"," 45.0"," 27.5"," 47.5","  2.0","  2.0","395.0","481.0"
" 25.0"," 47.5"," 22.5"," 45.0"," 36.0","  2.0","476.0","390.0"
" 25.0"," 47.5"," 22.5"," 45.0"," 36.0","  7.0","476.0","390.0"
" 25.0"," 47.5"," 22.5"," 45.0"," 36.0"," 14.0","476.0","390.0"
" 25.0"," 47.5"," 22.5"," 45.0"," 36.0"," 21.0","476.0","390.0"
" 25.0"," 47.5"," 22.5"," 45.0"," 36.0"," 28.0","476.0","390.0"
" 25.0"," 47.5"," 22.5"," 47.5"," 35.0","  2.0","476.0","471.0"
" 25.0"," 47.5"," 22.5"," 47.5"," 35.0","  7.0","476.0","471.0"
" 25.0"," 47.5"," 22.5"," 47.5"," 35.0"," 14.0","476.0","471.0"
" 25.0"," 47.5"," 22.5"," 47.5"," 35.0"," 21.0","476.0","471.0"
" 25.0"," 47.5"," 22.5"," 47.5"," 35.0"," 28.0","476.0","471.0"
" 25.0"," 47.5"," 22.5"," 50.0"," 18.0","  2.0","476.0","552.0"
" 25.0"," 47.5"," 22.5"," 50.0"," 18.0","  7.0","476.0","552.0"
" 25.0"," 47.5"," 22.5"," 50.0"," 18.0"," 14.0","476.0","552.0"
" 25.0"," 47.5"," 25.0"," 45.0"," 32.0","  2.0","476.0","395.0"
" 25.0"," 47.5"," 25.0"," 45.0"," 32.0","  7.0","476.0","395.0"
" 25.0"," 47.5"," 25.0"," 45.0"," 32.0"," 14.0","476.0","395.0"
" 25.0"," 47.5"," 25.0"," 45.0"," 32.0"," 21.0","476.0","395.0"
" 25.0"," 47.5"," 25.0"," 45.0"," 32.0"," 28.0","476.0","395.0"
" 25.0"," 47.5"," 25.0"," 50.0"," 26.0","  2.0","476.0","557.0"
" 25.0"," 47.5"," 25.0"," 50.0"," 26.0","  7.0","476.0","557.0"
" 25.0"," 47.5"," 25.0"," 50.0"," 26.0"," 14.0","476.0","557.0"
" 25.0"," 47.5"," 25.0"," 50.0"," 26.0"," 21.0","476.0","557.0"
" 25.0"," 47.5"," 27.5"," 45.0"," 44.0","  2.0","476.0","400.0"
" 25.0"," 47.5"," 27.5"," 45.0"," 44.0","  7.0","476.0","400.0"
" 25.0"," 47.5"," 27.5"," 45.0"," 44.0"," 14.0","476.0","400.0"
" 25.0"," 47.5"," 27.5"," 45.0"," 44.0"," 21.0","476.0","400.0"
" 25.0"," 47.5"," 27.5"," 45.0"," 44.0"," 28.0","476.0","400.0"
" 25.0"," 47.5"," 27.5"," 47.5"," 34.0","  2.0","476.0","481.0"
" 25.0"," 47.5"," 27.5"," 47.5"," 34.0","  7.0","476.0","481.0"
" 25.0"," 47.5"," 27.5"," 47.5"," 34.0"," 14.0","476.0","481.0"
" 25.0"," 47.5"," 27.5"," 47.5"," 34.0"," 21.0","476.0","481.0"
" 25.0"," 47.5"," 27.5"," 47.5"," 34.0"," 28.0","476.0","481.0"
" 25.0"," 47.5"," 27.5"," 50.0"," 26.0","  2.0","476.0","562.0"
" 25.0"," 47.5"," 27.5"," 50.0"," 26.0","  7.0","476.0","562.0"
" 25.0"," 47.5"," 27.5"," 50.0"," 26.0"," 14.0","476.0","562.0"
" 25.0"," 47.5"," 27.5"," 50.0"," 26.0"," 21.0","476.0","562.0"
" 25.0"," 50.0"," 22.5"," 47.5","  9.0","  2.0","557.0","471.0"
" 25.0"," 50.0"," 22.5"," 47.5","  9.0","  7.0","557.0","471.0"
" 25.0"," 50.0"," 27.5"," 47.5","  8.0","  2.0","557.0","481.0"
" 25.0"," 50.0"," 27.5"," 47.5","  8.0","  7.0","557.0","481.0"
" 25.0"," 52.5"," 22.5"," 50.0"," 16.0","  2.0","638.0","552.0"
" 25.0"," 52.5"," 22.5"," 50.0"," 16.0","  7.0","638.0","552.0"
" 25.0"," 52.5"," 22.5"," 50.0"," 16.0"," 14.0","638.0","552.0"
" 25.0"," 52.5"," 25.0"," 50.0"," 24.0","  2.0","638.0","557.0"
" 25.0"," 52.5"," 25.0"," 50.0"," 24.0","  7.0","638.0","557.0"
" 25.0"," 52.5"," 25.0"," 50.0"," 24.0"," 14.0","638.0","557.0"
" 25.0"," 52.5"," 25.0"," 50.0"," 24.0"," 21.0","638.0","557.0"
" 25.0"," 52.5"," 27.5"," 50.0"," 24.0","  2.0","638.0","562.0"
" 25.0"," 52.5"," 27.5"," 50.0"," 24.0","  7.0","638.0","562.0"
" 25.0"," 52.5"," 27.5"," 50.0"," 24.0"," 14.0","638.0","562.0"
" 25.0"," 52.5"," 27.5"," 50.0"," 24.0"," 21.0","638.0","562.0"
" 25.0"," 52.5"," 27.5"," 52.5","  2.0","  2.0","638.0","643.0"
" 25.0"," 52.5"," 27.5"," 52.5","  2.0","  2.0","638.0","643.0"
" 27.5"," 37.5"," 25.0"," 35.0"," 23.0","  2.0","157.0"," 71.0"
" 27.5"," 37.5"," 25.0"," 35.0"," 23.0","  7.0","157.0"," 71.0"
" 27.5"," 37.5"," 25.0"," 35.0"," 23.0"," 14.0","157.0"," 71.0"
" 27.5"," 37.5"," 25.0"," 35.0"," 23.0"," 21.0","157.0"," 71.0"
" 27.5"," 37.5"," 25.0"," 37.5","  6.0","  2.0","157.0","152.0"
" 27.5"," 37.5"," 25.0"," 40.0","  4.0","  2.0","157.0","233.0"
" 27.5"," 37.5"," 27.5"," 35.0"," 55.0","  2.0","157.0"," 76.0"
" 27.5"," 37.5"," 27.5"," 35.0"," 55.0","  7.0","157.0"," 76.0"
" 27.5"," 37.5"," 27.5"," 35.0"," 55.0"," 14.0","157.0"," 76.0"
" 27.5"," 37.5"," 27.5"," 35.0"," 55.0"," 21.0","157.0"," 76.0"
" 27.5"," 37.5"," 27.5"," 35.0"," 55.0"," 28.0","157.0"," 76.0"
" 27.5"," 37.5"," 30.0"," 35.0"," 55.0","  2.0","157.0"," 81.0"
" 27.5"," 37.5"," 30.0"," 35.0"," 55.0","  7.0","157.0"," 81.0"
" 27.5"," 37.5"," 30.0"," 35.0"," 55.0"," 14.0","157.0"," 81.0"
" 27.5"," 37.5"," 30.0"," 35.0"," 55.0"," 21.0","157.0"," 81.0"
" 27.5"," 37.5"," 30.0"," 35.0"," 55.0"," 28.0","157.0"," 81.0"
" 27.5"," 40.0"," 25.0"," 37.5"," 22.0","  2.0","238.0","152.0"
" 27.5"," 40.0"," 25.0"," 37.5"," 22.0","  7.0","238.0","152.0"
" 27.5"," 40.0"," 25.0"," 37.5"," 22.0"," 14.0","238.0","152.0"
" 27.5"," 40.0"," 25.0"," 37.5"," 22.0"," 21.0","238.0","152.0"
" 27.5"," 40.0"," 25.0"," 40.0"," 20.0","  2.0","238.0","233.0"
" 27.5"," 40.0"," 25.0"," 40.0"," 20.0","  7.0","238.0","233.0"
" 27.5"," 40.0"," 25.0"," 40.0"," 20.0"," 14.0","238.0","233.0"
" 27.5"," 40.0"," 27.5"," 37.5"," 16.0","  2.0","238.0","157.0"
" 27.5"," 40.0"," 27.5"," 37.5"," 16.0","  7.0","238.0","157.0"
" 27.5"," 40.0"," 27.5"," 37.5"," 16.0"," 14.0","238.0","157.0"
" 27.5"," 40.0"," 30.0"," 42.5","  7.0","  2.0","238.0","324.0"
" 27.5"," 40.0"," 30.0"," 42.5","  7.0","  7.0","238.0","324.0"
" 27.5"," 42.5"," 25.0"," 40.0"," 24.0","  2.0","319.0","233.0"
" 27.5"," 42.5"," 25.0"," 40.0"," 24.0","  7.0","319.0","233.0"
" 27.5"," 42.5"," 25.0"," 40.0"," 24.0"," 14.0","319.0","233.0"
" 27.5"," 42.5"," 25.0"," 40.0"," 24.0"," 21.0","319.0","233.0"
" 27.5"," 42.5"," 27.5"," 40.0","  4.0","  2.0","319.0","238.0"
" 27.5"," 42.5"," 30.0"," 42.5"," 11.0","  2.0","319.0","324.0"
" 27.5"," 42.5"," 30.0"," 42.5"," 11.0","  7.0","319.0","324.0"
" 27.5"," 45.0"," 27.5"," 42.5"," 15.0","  2.0","400.0","319.0"
" 27.5"," 45.0"," 27.5"," 42.5"," 15.0","  7.0","400.0","319.0"
" 27.5"," 45.0"," 27.5"," 42.5"," 15.0"," 14.0","400.0","319.0"
" 27.5"," 45.0"," 30.0"," 42.5"," 26.0","  2.0","400.0","324.0"
" 27.5"," 45.0"," 30.0"," 42.5"," 26.0","  7.0","400.0","324.0"
" 27.5"," 45.0"," 30.0"," 42.5"," 26.0"," 14.0","400.0","324.0"
" 27.5"," 45.0"," 30.0"," 42.5"," 26.0"," 21.0","400.0","324.0"
" 27.5"," 45.0"," 30.0"," 45.0"," 11.0","  2.0","400.0","405.0"
" 27.5"," 45.0"," 30.0"," 45.0"," 11.0","  7.0","400.0","405.0"
" 27.5"," 47.5"," 27.5"," 45.0"," 10.0","  2.0","481.0","400.0"
" 27.5"," 47.5"," 27.5"," 45.0"," 10.0","  7.0","481.0","400.0"
" 27.5"," 47.5"," 30.0"," 45.0"," 21.0","  2.0","481.0","405.0"
" 27.5"," 47.5"," 30.0"," 45.0"," 21.0","  7.0","481.0","405.0"
" 27.5"," 47.5"," 30.0"," 45.0"," 21.0"," 14.0","481.0","405.0"
" 27.5"," 47.5"," 30.0"," 45.0"," 21.0"," 21.0","481.0","405.0"
" 27.5"," 50.0"," 27.5"," 47.5","  8.0","  2.0","562.0","481.0"
" 27.5"," 50.0"," 27.5"," 47.5","  8.0","  7.0","562.0","481.0"
" 27.5"," 50.0"," 30.0"," 47.5","  9.0","  2.0","562.0","486.0"
" 27.5"," 50.0"," 30.0"," 47.5","  9.0","  7.0","562.0","486.0"
" 27.5"," 52.5"," 25.0"," 50.0"," 22.0","  2.0","643.0","557.0"
" 27.5"," 52.5"," 25.0"," 50.0"," 22.0","  7.0","643.0","557.0"
" 27.5"," 52.5"," 25.0"," 50.0"," 22.0"," 14.0","643.0","557.0"
" 27.5"," 52.5"," 25.0"," 50.0"," 22.0"," 21.0","643.0","557.0"
" 27.5"," 52.5"," 27.5"," 50.0"," 22.0","  2.0","643.0","562.0"
" 27.5"," 52.5"," 27.5"," 50.0"," 22.0","  7.0","643.0","562.0"
" 27.5"," 52.5"," 27.5"," 50.0"," 22.0"," 14.0","643.0","562.0"
" 27.5"," 52.5"," 27.5"," 50.0"," 22.0"," 21.0","643.0","562.0"
" 27.5"," 52.5"," 30.0"," 50.0"," 23.0","  2.0","643.0","567.0"
" 27.5"," 52.5"," 30.0"," 50.0"," 23.0","  7.0","643.0","567.0"
" 27.5"," 52.5"," 30.0"," 50.0"," 23.0"," 14.0","643.0","567.0"
" 27.5"," 52.5"," 30.0"," 50.0"," 23.0"," 21.0","643.0","567.0"
" 27.5"," 52.5"," 30.0"," 52.5"," 11.0","  2.0","643.0","648.0"
" 27.5"," 52.5"," 30.0"," 52.5"," 11.0","  7.0","643.0","648.0"
" 27.5"," 52.5"," 30.0"," 52.5"," 11.0","  7.0","643.0","648.0"
" 30.0"," 37.5"," 27.5"," 35.0"," 94.0","  2.0","162.0"," 76.0"
" 30.0"," 37.5"," 27.5"," 35.0"," 94.0","  7.0","162.0"," 76.0"
" 30.0"," 37.5"," 27.5"," 35.0"," 94.0"," 14.0","162.0"," 76.0"
" 30.0"," 37.5"," 27.5"," 35.0"," 94.0"," 21.0","162.0"," 76.0"
" 30.0"," 37.5"," 27.5"," 35.0"," 94.0"," 28.0","162.0"," 76.0"
" 30.0"," 37.5"," 27.5"," 37.5"," 39.0","  2.0","162.0","157.0"
" 30.0"," 37.5"," 27.5"," 37.5"," 39.0","  7.0","162.0","157.0"
" 30.0"," 37.5"," 27.5"," 37.5"," 39.0"," 14.0","162.0","157.0"
" 30.0"," 37.5"," 27.5"," 37.5"," 39.0"," 21.0","162.0","157.0"
" 30.0"," 37.5"," 27.5"," 37.5"," 39.0"," 28.0","162.0","157.0"
" 30.0"," 37.5"," 27.5"," 40.0"," 23.0","  2.0","162.0","238.0"
" 30.0"," 37.5"," 27.5"," 40.0"," 23.0","  7.0","162.0","238.0"
" 30.0"," 37.5"," 27.5"," 40.0"," 23.0"," 14.0","162.0","238.0"
" 30.0"," 37.5"," 27.5"," 40.0"," 23.0"," 21.0","162.0","238.0"
" 30.0"," 37.5"," 30.0"," 35.0"," 94.0","  2.0","162.0"," 81.0"
" 30.0"," 37.5"," 30.0"," 35.0"," 94.0","  7.0","162.0"," 81.0"
" 30.0"," 37.5"," 30.0"," 35.0"," 94.0"," 14.0","162.0"," 81.0"
" 30.0"," 37.5"," 30.0"," 35.0"," 94.0"," 21.0","162.0"," 81.0"
" 30.0"," 37.5"," 30.0"," 35.0"," 94.0"," 28.0","162.0"," 81.0"
" 30.0"," 40.0"," 27.5"," 37.5"," 44.0","  2.0","243.0","157.0"
" 30.0"," 40.0"," 27.5"," 37.5"," 44.0","  7.0","243.0","157.0"
" 30.0"," 40.0"," 27.5"," 37.5"," 44.0"," 14.0","243.0","157.0"
" 30.0"," 40.0"," 27.5"," 37.5"," 44.0"," 21.0","243.0","157.0"
" 30.0"," 40.0"," 27.5"," 37.5"," 44.0"," 28.0","243.0","157.0"
" 30.0"," 40.0"," 27.5"," 40.0"," 28.0","  2.0","243.0","238.0"
" 30.0"," 40.0"," 27.5"," 40.0"," 28.0","  7.0","243.0","238.0"
" 30.0"," 40.0"," 27.5"," 40.0"," 28.0"," 14.0","243.0","238.0"
" 30.0"," 40.0"," 27.5"," 40.0"," 28.0"," 21.0","243.0","238.0"
" 30.0"," 40.0"," 27.5"," 40.0"," 28.0"," 28.0","243.0","238.0"
" 30.0"," 40.0"," 27.5"," 42.5"," 24.0","  2.0","243.0","319.0"
" 30.0"," 40.0"," 27.5"," 42.5"," 24.0","  7.0","243.0","319.0"
" 30.0"," 40.0"," 27.5"," 42.5"," 24.0"," 14.0","243.0","319.0"
" 30.0"," 40.0"," 27.5"," 42.5"," 24.0"," 21.0","243.0","319.0"
" 30.0"," 40.0"," 30.0"," 37.5","  5.0","  2.0","243.0","162.0"
" 30.0"," 40.0"," 30.0"," 42.5"," 35.0","  2.0","243.0","324.0"
" 30.0"," 40.0"," 30.0"," 42.5"," 35.0","  7.0","243.0","324.0"
" 30.0"," 40.0"," 30.0"," 42.5"," 35.0"," 14.0","243.0","324.0"
" 30.0"," 40.0"," 30.0"," 42.5"," 35.0"," 21.0","243.0","324.0"
" 30.0"," 40.0"," 30.0"," 42.5"," 35.0"," 28.0","243.0","324.0"
" 30.0"," 45.0"," 27.5"," 42.5","  4.0","  2.0","405.0","319.0"
" 30.0"," 45.0"," 30.0"," 42.5"," 15.0","  2.0","405.0","324.0"
" 30.0"," 45.0"," 30.0"," 42.5"," 15.0","  7.0","405.0","324.0"
" 30.0"," 45.0"," 30.0"," 42.5"," 15.0"," 14.0","405.0","324.0"
" 30.0"," 47.5"," 27.5"," 45.0","  9.0","  2.0","486.0","400.0"
" 30.0"," 47.5"," 27.5"," 45.0","  9.0","  7.0","486.0","400.0"
" 30.0"," 47.5"," 30.0"," 45.0"," 20.0","  2.0","486.0","405.0"
" 30.0"," 47.5"," 30.0"," 45.0"," 20.0","  7.0","486.0","405.0"
" 30.0"," 47.5"," 30.0"," 45.0"," 20.0"," 14.0","486.0","405.0"
" 30.0"," 50.0"," 27.5"," 47.5","  7.0","  2.0","567.0","481.0"
" 30.0"," 50.0"," 27.5"," 47.5","  7.0","  7.0","567.0","481.0"
" 30.0"," 50.0"," 30.0"," 47.5","  8.0","  2.0","567.0","486.0"
" 30.0"," 50.0"," 30.0"," 47.5","  8.0","  7.0","567.0","486.0"
" 30.0"," 52.5"," 27.5"," 50.0"," 11.0","  2.0","648.0","562.0"
" 30.0"," 52.5"," 27.5"," 50.0"," 11.0","  7.0","648.0","562.0"
" 30.0"," 52.5"," 30.0"," 50.0"," 12.0","  2.0","648.0","567.0"
" 30.0"," 52.5"," 30.0"," 50.0"," 12.0","  7.0","648.0","567.0"
" 30.0"," 52.5"," 30.0"," 50.0"," 12.0","  7.0","648.0","567.0"
